"","economy","year","wanted_fertility_rate","adolescent_fertility_rate","labor_force_basic_education_male_percent","labor_force_basic_education_female_percent","labor_force_advanced_education_male_percent","labor_force_advanced_education_female_percent","education_expenditure","labor_force_intermediate_education_male_percent","labor_force_intermediate_education_total_percent","family_planning_demand","gender_equality_rating","literacy_rate_15_to_24","school_enrollment_primary","school_enrollment_primary_and_secondary","school_enrollment_secondary","school_enrollment_tertiary","death_by_infectious_disease_or_maternal_conditions","prop_ppl_below_50_med_income","income_share_low_10_percent","income_share_low_20_percent","mean_income_per_cap_bottom_40_percent","prop_spending_more_10_percent_healthcare_oop","prop_spending_more_25_percent_healthcare_oop","net_income_growth_per_cap","percent_pregnant_receiving_prenatal_care","health_expenditure_per_capita","women_3_decisions","informed_repro_health","HCI","percent_female_pop","population_total","gdp_capita_growth","birth_rate","secondary_education_count","secondary_education_percent_F","secondary_education_percent_M","infant_mortality_rate","neonatal_mortality_rate","gdp","female_primary_age_oo_school","female_primary_age_oo_school.1","female_below_min_reading_proficiency","gross_intake_ratio_first_grade_F","primary_school_completion_rate_F","lower_secondary_completion_rate_F"
"1","ABW",2018,NA,24.049,NA,NA,NA,NA,5.75208403362842,NA,NA,NA,NA,NA,NA,NA,NA,NA,NA,NA,NA,NA,NA,NA,NA,NA,NA,NA,NA,NA,NA,52.7313214070956,108908,2.23442876498228,10.807,9717,NA,NA,NA,NA,3276184357.5419,NA,NA,NA,NA,99.5810089111328,93.9534912109375
"2","ABW",2019,NA,22.123,NA,NA,NA,NA,5.75208403362842,NA,NA,NA,NA,NA,NA,NA,NA,NA,NA,NA,NA,NA,NA,NA,NA,NA,NA,NA,NA,NA,NA,52.7961447943517,109203,-2.496550426491,10.842,9843,NA,NA,NA,NA,3395798882.68156,NA,NA,NA,NA,106.547622680664,104.160690307617
"3","ABW",2020,NA,20.554,NA,NA,NA,NA,5.75208403362842,NA,NA,NA,NA,NA,NA,NA,NA,NA,NA,NA,NA,NA,NA,NA,NA,NA,NA,NA,NA,NA,NA,52.8445065176909,108587,-25.7932294186771,9.688,9479,NA,NA,NA,NA,2481857122.8401,NA,NA,NA,NA,100.59790802002,89.0277786254883
"4","ABW",2021,NA,18.615,NA,NA,NA,NA,5.75208403362842,NA,NA,NA,NA,NA,NA,NA,NA,NA,NA,NA,NA,NA,NA,NA,NA,NA,NA,NA,NA,NA,NA,52.8319604306514,107700,25.154963851554,9.461,8817,NA,NA,NA,NA,2929446578.25104,NA,NA,NA,NA,98.5229034423828,91.3419876098633
"5","ABW",2022,NA,18.768,NA,NA,NA,NA,NA,NA,NA,NA,NA,NA,NA,NA,NA,NA,NA,NA,NA,NA,NA,NA,NA,NA,NA,NA,NA,NA,NA,52.792674101427,107310,8.91230807871956,8.527,9354,NA,NA,NA,NA,3279343543.60416,NA,NA,NA,NA,91.9629135131836,99.279541015625
"6","AFE",2018,NA,98.082042012069,NA,NA,NA,NA,4.4132804047852,NA,NA,NA,3.30555555555556,0.97121000289917,0.958050012588501,0.940410017967224,0.892270028591156,0.845399975776672,NA,NA,NA,NA,NA,NA,NA,3.55509517588131,NA,203.618676450655,NA,NA,NA,50.5401647595356,657801085,-0.104064111229945,34.5836148275797,37470968,NA,NA,43.8518142030077,25.9147618129968,1012291194268.21,NA,NA,NA,NA,68.5067291259766,41.8811492919922
"7","AFE",2019,NA,97.1897867960092,NA,NA,NA,NA,4.51082535518681,NA,NA,NA,3.23684210526316,0.976220011711121,0.960449993610382,0.941209971904755,0.888279974460602,0.850109994411469,49.0198435796198,NA,NA,NA,NA,NA,NA,1.32946258580404,85.6266075841531,208.659980653317,NA,NA,NA,50.5318100766469,675950189,-0.543714731993816,34.3358814354219,38982776,NA,NA,42.1900739123661,25.4560935262784,1009746517725.42,NA,NA,NA,NA,69.2089004516602,42.7908782958984
"8","AFE",2020,NA,95.7413392620295,NA,NA,NA,NA,4.51882636437785,NA,NA,NA,3.23684210526316,0.979589998722076,0.962589979171753,0.944029986858368,0.893459975719452,0.860109984874725,NA,NA,NA,NA,NA,NA,NA,-3.98923903152686,NA,209.392441734401,NA,NA,NA,50.5251168582145,694446100,-5.44702113228222,34.0104704037851,41056552,NA,NA,41.1258527019551,25.0281979623143,933407232177.078,NA,NA,NA,NA,70.1874465942383,43.9948387145996
"9","AFE",2021,NA,94.6595133310708,NA,NA,NA,NA,4.76868354520254,NA,NA,NA,3.21052631578947,0.984920024871826,NA,NA,NA,0.862110018730164,NA,NA,NA,NA,NA,NA,NA,2.6823215309699,NA,218.243526724984,NA,NA,NA,50.519415677621,713090928,1.82959732231033,33.6813361926573,42630492,NA,NA,40.0875597895277,24.5525409224736,1085604883589.65,NA,NA,NA,NA,71.4917678833008,44.7266883850098
"10","AFE",2022,NA,93.379388849822,NA,NA,NA,NA,NA,NA,NA,NA,3.23684210526316,0.989650011062622,NA,NA,NA,NA,NA,NA,NA,NA,NA,NA,NA,NA,NA,228.081065694554,NA,NA,NA,50.5117103040984,731821393,0.905330140015167,33.3204330526369,43884924,NA,NA,39.6730585330406,24.1276608641592,1191638638185.25,NA,NA,NA,NA,70.9357299804688,44.5503196716309
"11","AFW",2018,NA,104.930454116342,NA,NA,NA,NA,1.99883278620166,NA,NA,NA,3.075,0.848609983921051,0.954940021038055,0.935490012168884,0.893999993801117,0.668730020523071,NA,NA,NA,NA,NA,NA,NA,NA,NA,135.2746661156,NA,NA,NA,49.6848149263177,452195915,0.330192195180288,36.0459008849184,27677944,NA,NA,60.1219482365333,32.8190624153172,777840407639.927,NA,NA,NA,NA,63.2682800292969,39.5147895812988
"12","AFW",2019,NA,101.366484893598,56.1032207855117,48.0622759639155,78.3867034893938,68.5350359340588,1.93546175663802,67.9470566095655,63.5835653569364,NA,3.1,0.84960001707077,0.950869977474213,0.934909999370575,0.901859998703003,0.691399991512299,59.5038196263207,NA,NA,NA,NA,NA,NA,NA,77.240602300133,140.751043907405,NA,NA,NA,49.6727643173499,463365429,0.792526323823935,35.1765875292155,29359358,NA,NA,59.5677025529984,32.3595413644806,833288902800.025,NA,NA,NA,NA,63.4156188964844,39.6562690734863
"13","AFW",2020,4.47379345226429,98.483243327273,NA,NA,NA,NA,2.03792221055042,NA,NA,NA,3.15,0.849259972572327,0.947369992733002,NA,NA,0.700089991092682,NA,NA,NA,NA,NA,NA,NA,NA,NA,160.185249222294,NA,NA,NA,49.6635370645762,474569351,-3.32174462925346,34.4176753075527,30842754,NA,NA,57.5502079306733,31.8699646966318,797295175501.973,NA,NA,NA,NA,63.8389015197754,40.0869789123535
"14","AFW",2021,NA,97.1992096522413,NA,NA,NA,NA,2.10838853619174,NA,NA,39.3644588082562,3.175,0.850560009479523,NA,NA,NA,0.71561998128891,NA,NA,NA,NA,NA,NA,NA,NA,NA,182.2287939559,NA,NA,NA,49.6547612603042,485920997,1.59974570883409,34.1015452171251,32405422,NA,NA,56.4740436067272,31.385970607479,858114511231.434,NA,NA,NA,NA,64.5986175537109,40.3146896362305
"15","AFW",2022,NA,95.9577870049264,76.1841581665557,69.3476832552961,79.8393326871324,68.282530815623,NA,80.3223570837035,75.3666862890498,NA,3.225,0.851509988307953,NA,NA,NA,NA,NA,NA,NA,NA,NA,NA,NA,NA,NA,200.892066874445,NA,NA,NA,49.6491092620691,497387180,1.57804619883059,33.7514190226375,33443984,NA,NA,56.4303202171376,30.8842712992364,893639944629.861,NA,NA,NA,NA,63.4425392150879,40.2187118530273
"16","ALB",2018,1.6,15.456,61.932,47.532,73.035,71.357,2.96556705599494,73.24,62.902,6,NA,NA,1.03764998912811,1.01730000972748,1.00539004802704,1.32745918943274,NA,11.7,3.2,7.9,7.43,NA,NA,4.21817683153319,88.4,891.454487044383,83.7,61.9,0.662464320659637,50.5025341791999,2866376,3.92752570942996,10.898,268872,47.09416,52.90584,7.8,7,15379508329.7568,NA,NA,NA,111.1671,102.025396825397,101.491340602951
"17","ALB",2019,NA,14.949,63.3,48.268,75.174,75.694,3.44651616742275,72.254,62.602,NA,NA,NA,1.029629945755,1.018630027771,1.01136004924774,1.31961116992158,3.0231082827299,8.6,3.5,8.5,NA,NA,NA,1.27130228425516,NA,992.41247605423,NA,NA,NA,50.4969133555863,2854191,2.4982994465818,10.757,256072,NA,NA,8,7.1,15585111614.0376,NA,NA,NA,NA,94.4761904761905,90.9295714209086
"18","ALB",2020,NA,14.004,60.128,46.273,75.385,76.318,2.79249297190928,71.869,62.282,NA,NA,NA,1.02745997905731,1.02399003505707,1.02103996276855,1.33485849817574,NA,9.6,3.4,8.4,8.03,NA,NA,-2.63041037192548,NA,1070.48538695703,NA,NA,0.664508581161499,50.5073201033164,2837849,-2.75698023547982,10.536,242242,NA,NA,8.1,7.2,15241455556.3737,NA,6.10342979431152,NA,NA,97.0400875104562,92.0254097895752
"19","ALB",2021,NA,13.002,58.629,47.313,78.303,74.1,2.79249297190928,73.495,63.068,NA,NA,NA,1.01776003837585,1.02570998668671,1.03113996982574,1.35227556885656,NA,NA,NA,NA,NA,NA,NA,12.3068169944402,NA,1187.26269088892,NA,NA,NA,50.5321030475471,2811666,9.98433057956316,10.512,235947,NA,NA,8.2,7.1,18032009220.4405,NA,8.92759528897282,NA,NA,94.8492941625334,96.2875295876417
"20","ALB",2022,NA,12.827,60.217,50.031,78.739,76.465,NA,73.581,65.703,NA,NA,NA,NA,NA,NA,1.32364050426779,NA,NA,NA,NA,NA,NA,NA,NA,NA,1186.21533550295,NA,NA,NA,50.5494750333144,2777689,6.10894789534866,10.305,227465,NA,NA,8.3,7,19017244116.7203,NA,11.0832693252074,NA,NA,97.5027638681147,94.8861443458124
"21","ARB",2018,NA,49.1608732965002,NA,NA,NA,NA,4.77426403939235,NA,NA,NA,2.7,0.943139970302582,0.945349991321564,0.948260009288788,0.952910006046295,1.09772002696991,NA,NA,NA,NA,NA,NA,NA,3.64199349201897,NA,740.296306617305,NA,NA,NA,48.1085880708269,435998060,0.834304600490583,25.3797481096521,33222780,47.202,52.798,29.0584370535539,16.8917078310241,2907329557076.05,NA,NA,NA,94.70981,76.7001419067383,63.9745216369629
"22","ARB",2019,NA,47.9923596700881,NA,NA,NA,NA,4.79318787107909,NA,NA,NA,2.58333333333333,0.945850014686584,0.948260009288788,0.949790000915527,0.952509999275208,1.09902000427246,18.818142806916,NA,NA,NA,NA,NA,NA,-0.599398087841436,NA,760.19622363409,NA,NA,NA,48.1908452568208,444281315,-0.169697468589646,24.7918834648583,34079808,NA,NA,28.0382567044511,16.7443987128469,2949355029586.25,NA,NA,NA,NA,77.1635894775391,64.6837997436523
"23","ARB",2020,NA,47.305824741482,NA,NA,NA,NA,4.84611941568322,NA,NA,NA,2.66666666666667,0.948499977588654,0.950160026550293,0.953429996967316,0.958819985389709,1.08913004398346,NA,NA,NA,NA,NA,NA,NA,-10.7684359192048,NA,811.460557273618,NA,NA,NA,48.2430805083846,453723239,-6.73913692652097,24.4078786443566,35731296,NA,NA,27.4244280775006,16.4790281538924,2596422612311.05,NA,NA,NA,NA,78.2989501953125,65.4587707519531
"24","ARB",2021,NA,46.2122880151709,NA,NA,NA,NA,4.92117520183441,NA,NA,NA,2.66666666666667,0.950680017471313,NA,NA,NA,1.07939994335175,NA,NA,NA,NA,NA,NA,NA,NA,NA,803.908400062899,NA,NA,NA,48.3248265342031,460646603,2.83541018731216,23.8889735225159,37060656,NA,NA,26.9837450907913,16.2781981207026,3077906530882.01,NA,NA,NA,NA,78.2041931152344,67.5461502075195
"25","ARB",2022,NA,45.4494514185272,NA,NA,NA,NA,NA,NA,NA,NA,2.66666666666667,0.952899992465973,NA,NA,NA,1.10107004642487,NA,NA,NA,NA,NA,NA,NA,NA,NA,775.671194349941,NA,NA,NA,48.2897135951551,471352066,4.56530790302057,23.5428272158261,38839564,NA,NA,27.7678438480466,16.0135780811538,3738584480489.16,NA,NA,NA,NA,79.6993713378906,68.4719009399414
"26","ARE",2018,NA,3.74,91.067,51.48,96.684,52.416,2.8387907017297,89.043,76.708,NA,NA,NA,NA,NA,NA,1.03161255856483,NA,11.4,2.8,8.2,45.24,NA,NA,1.56011074658026,NA,2936.61891978681,NA,NA,0.687744379043579,35.3733923762714,9346701,-0.0245088229496133,10.248,680247,NA,NA,5.3,3.6,427049432157.931,NA,1.15406029577943,NA,NA,104.976370118564,107.427425682155
"27","ARE",2019,NA,3.292,NA,NA,NA,NA,2.8387907017297,NA,NA,NA,NA,1.00999999046326,1.00198996067047,0.994229972362518,0.986909985542297,1.13367085866865,7.09169127061723,NA,NA,NA,NA,0.44,NA,-0.544743488090589,NA,3236.16093438588,NA,NA,NA,35.481850420267,9445785,0.0477460176562943,10.094,687227,NA,NA,5,3.3,417989721742.682,NA,0.192198201103823,NA,NA,99.6485984991543,101.179979253112
"28","ARE",2020,NA,3.032,NA,NA,NA,NA,2.87026949648222,NA,NA,NA,NA,NA,1.00943005084991,1.01047003269196,1.01218998432159,1.29959062629457,NA,NA,NA,NA,NA,NA,NA,-15.3146383855296,NA,4091.27466225839,NA,NA,0.687648952007294,35.6167338288251,9401038,-4.50466762459189,10.465,802949,NA,NA,4.7,3,349473015330.157,NA,0.240142378831713,NA,NA,101.887640449438,107.061218730472
"29","ARE",2021,NA,2.563,85.565,53.132,95.824,56.151,2.87026949648222,87.729,72.49,NA,NA,1,NA,NA,NA,1.17577960354362,NA,NA,NA,NA,NA,NA,NA,NA,NA,3921.77370529474,NA,NA,NA,35.7777079037716,9575152,2.45717457268877,9.279,810406,NA,NA,4.4,2.8,415178792756.978,1.25688171386718,0.358224952078653,20.3657932281494,NA,98.9392950391645,NA
"30","ARE",2022,NA,2.879,92.179,71.944,91.868,55.264,NA,81.639,70.685,NA,NA,1,NA,NA,NA,1.20189548833984,NA,NA,NA,NA,NA,NA,NA,NA,NA,3813.76187094342,NA,NA,NA,35.89686359821,10074977,2.17608343758344,9.295,825246,NA,NA,4.2,2.6,502731935194.01,NA,1.29649996757507,NA,NA,98.5302808796541,106.313962535161
"31","ARG",2018,NA,49.926,62.852,33.806,86.044,75.388,4.9287630963461,77.835,66.086,NA,NA,NA,1.0010199546814,1.02131998538971,1.0429300069809,1.4047901297399,NA,20.1,1.7,4.9,NA,NA,NA,-6.38048648256387,NA,2388.69495125707,NA,NA,0.627702116966248,50.4135158167029,44654882,-3.41553683867816,15.332,4246667.0009881,NA,NA,9.2,6.1,524819892360.176,NA,NA,NA,NA,100.941932583823,97.7961156754816
"32","ARG",2019,NA,41.751,62.597,34.41,86.682,76.261,4.83027517380104,78.245,66.403,NA,NA,NA,1.00192999839783,1.02056002616882,1.04030001163483,1.41522638908734,17.5964944783087,21.3,1.6,4.6,9.82,NA,NA,-5.76682289554265,NA,2334.7578716735,NA,NA,NA,50.3980547107488,44973465,-2.69506723533574,13.902,4277758.00227329,NA,NA,8.9,6.1,447754683615.225,NA,NA,NA,NA,101.04723322764,99.9666177048192
"33","ARG",2020,NA,31.492,57.821,31.25,83.653,73.314,5.03900899926811,72.713,61.267,NA,NA,1,1.00501000881195,1.0242600440979,1.04426002502441,1.42748240167063,NA,20.9,1.7,4.7,NA,NA,NA,-8.28198786739279,95,2182.31348485949,NA,NA,0.613279402256012,50.390551736145,45191965,-10.3361096878518,11.799,4350509.93050116,NA,NA,8.7,6.1,385740508436.965,NA,NA,NA,NA,101.135527844995,99.2138586277445
"34","ARG",2021,NA,28.54,61.687,33.284,85.235,75.102,5.03900899926811,77.649,66.015,NA,NA,NA,NA,NA,NA,1.46119151064468,NA,19.1,1.8,5,NA,NA,NA,12.1908664715254,NA,2418.79579332705,NA,NA,NA,50.3928857609265,45312281,10.1485599877349,11.682,4532625.7959714,NA,NA,8.5,5.9,486564085480.036,NA,NA,NA,NA,103.771069013895,109.541920069172
"35","ARG",2022,NA,25.767,62.523,35.98,85.766,75.425,NA,77.993,66.806,NA,NA,NA,NA,NA,NA,1.46015097808955,NA,18.4,2,5.4,NA,NA,NA,NA,NA,2664.35265619585,NA,NA,NA,50.389410178457,45407904,5.04819532337936,10.926,4530114.799971,NA,NA,8.3,5.5,632790070063.124,NA,NA,NA,NA,100.946652004149,101.084650677834
"36","ARM",2018,NA,18.657,44.686,33.602,85.568,66.988,2.35908658498409,78.217,66.364,NA,NA,1,0.999610006809235,1.02283000946045,1.03761994838715,1.22660532029803,NA,7.8,3.3,8.1,NA,NA,NA,4.49938339281788,NA,1321.48947638517,NA,NA,0.606254577636719,53.8890673942814,2969000,5.56850117850011,12.3,234983,47.26682,52.73318,11.2,6.7,12457940694.7395,NA,8.58214172227518,NA,92.50577,86.6292951313194,90.9445936050769
"37","ARM",2019,NA,16.328,49.31,32.928,82.114,63.8,2.42722993484945,73.382,61.655,NA,NA,1,1.00533998012543,1.03489995002747,1.05335998535156,1.20713325419676,6.69449890981904,7.3,3.7,8.9,5.03,24.86,8.94,5.9883208820595,NA,1649.65062606716,NA,NA,NA,53.8189073448367,2962500,7.83608438672164,12.2,248972,NA,NA,10.7,6.4,13619290539.2116,9.34941101074218,9.25909511086348,17.5027065277099,NA,91.6216355308528,89.1712182379482
"38","ARM",2020,NA,13.735,48.275,30.435,82.544,68.049,2.49537328471479,76.604,65.555,NA,NA,1,1.01115000247955,1.03190994262695,1.04445004463196,1.23785076685353,NA,4.5,4.4,10.2,NA,23.18,5.49,-9.08187847057398,NA,1675.7051038128,NA,NA,0.603098571300507,53.7708430477514,2961500,-7.16866452731679,12.3,257153,NA,NA,10.2,6.1,12641698583.2152,NA,9.779839537625,NA,NA,93.7592791685865,89.6150925763682
"39","ARM",2021,NA,13.66,41.888,22.832,84.214,69.619,2.72293184502268,78.73,67.047,NA,NA,NA,1.00578999519348,1.02129995822906,1.03030002117157,1.21649194832318,NA,6.3,4,9.4,NA,19.89,5.93,2.3751230316812,NA,1878.32564311793,NA,NA,NA,53.7402594597382,2962300,5.77142760758333,12.4,268924,NA,NA,9.7,5.8,13878908628.9378,NA,8.63440970267642,NA,NA,93.6729663105998,88.9840248247328
"40","ARM",2022,NA,13.487,43.596,27.633,82.465,62.563,NA,76.577,63.637,NA,NA,1,NA,NA,NA,1.21471993170958,NA,6.9,3.9,9.2,NA,NA,NA,NA,NA,1823.54031671336,NA,NA,NA,53.6967414414024,2969200,12.3383335576379,12.3,272388,NA,NA,9.3,5.5,19513506553.1251,NA,7.11322643987568,NA,NA,92.0837405483257,93.0791755828359
"41","AUT",2018,NA,5.715,47.771,30.354,76.331,76.992,4.90120078971736,67.855,63.872,NA,NA,NA,0.994880020618439,0.974089980125427,0.964039981365204,1.17596995830536,NA,10.2,3,7.9,40.24,NA,NA,1.49102113123345,NA,5904.61803444793,NA,NA,0.779697299003601,50.8191852404036,8840521,1.98626296400239,9.7,687386.125,NA,NA,3,2.2,452582294972.775,NA,1.40455996990204,NA,NA,98.2095718383789,97.7711715698242
"42","AUT",2019,NA,5.29,47.931,29.855,76.348,76.885,4.86904988537168,67.51,63.423,NA,NA,NA,0.99330997467041,0.980939984321594,0.974910020828247,1.18473994731903,3.5699786156552,10.5,2.9,7.9,NA,NA,NA,1.04785053518827,NA,6367.94932639277,NA,NA,NA,50.8101565656361,8879920,1.30350317565873,9.6,691044,NA,NA,2.9,2.2,442983642371.842,NA,1.40462994575501,NA,NA,98.9782028198242,98.0099182128906
"43","AUT",2020,NA,4.907,48.389,30.059,76.325,77.241,4.86904988537168,65.893,62.053,NA,NA,NA,0.994930028915405,0.985939979553223,0.981540024280548,1.19034004211426,NA,11,2.9,7.9,NA,NA,NA,-6.85935901254572,NA,6644.41620366934,NA,NA,0.761190295219421,50.8028051635365,8916864,-6.70639361073974,9.4,693081.125,NA,NA,2.9,2.2,434397601557.696,NA,1.28852999210358,NA,NA,97.4406890869141,96.2327499389648
"44","AUT",2021,NA,4.426,49.931,30.324,76.193,77.384,4.86904988537168,66.189,62,NA,NA,NA,NA,NA,NA,1.20816004276276,NA,11.5,2.8,7.7,NA,NA,NA,3.20417675649207,NA,7727.0845252295,NA,NA,NA,50.797720009778,8955797,4.33975839929197,9.6,697565.3125,NA,NA,2.8,2.1,480467037338.783,NA,1.08545005321503,NA,NA,100.079627990723,100.035453796387
"45","AUT",2022,NA,4.205,50.466,29.45,81.821,78.36,NA,67.254,63.814,NA,NA,NA,NA,NA,NA,1.22107994556427,NA,11.2,2.8,7.8,NA,NA,NA,NA,NA,7974.46290258165,NA,NA,NA,50.7903314381382,9041851,4.27593327942937,9.1,694712.375,NA,NA,2.7,2.1,471773629830.381,NA,1.77406001091003,NA,NA,96.6240692138672,96.9755401611328
"46","AZE",2018,NA,49.913,NA,NA,NA,NA,2.54446877899414,NA,NA,NA,NA,NA,1.00546002388,1.00261998176575,1.00118005275726,1.13452380443696,NA,NA,NA,NA,NA,NA,NA,NA,NA,552.711920097924,NA,NA,0.645950555801392,51.1845622192109,9939771,0.624884409708869,14,944972,46.73612,53.26388,17.6,14.4,47112470051.7701,NA,4.09352549783594,NA,94.871,100.64121037464,83.5044867018692
"47","AZE",2019,NA,47.851,NA,NA,NA,NA,2.39556863918412,NA,NA,NA,NA,1,1.03080999851227,1.01073002815247,0.997759997844696,1.14713424322993,5.98818904163466,NA,NA,NA,NA,NA,NA,NA,NA,624.19559371692,NA,NA,NA,51.1129397975862,10024283,1.61582957425298,14.1,967132,NA,NA,16.6,14.1,48174235294.1176,NA,7.0065137168897,NA,NA,100.373155999535,103.780044345898
"48","AZE",2020,NA,41.585,NA,NA,NA,NA,3.89614439288728,NA,NA,NA,NA,NA,1.04425001144409,1.00514996051788,0.980109989643097,1.13840700679493,NA,NA,NA,NA,NA,NA,NA,NA,NA,840.352897285629,NA,NA,0.587314665317535,51.0862790508096,10093121,-4.85235154597305,12.5,983854,NA,NA,15.6,13.8,4.2693e+10,NA,6.86278634044054,NA,NA,99.1685187606223,82.3985414875641
"49","AZE",2021,NA,34.844,NA,NA,NA,NA,3.89614439288728,NA,NA,NA,NA,NA,1.01040995121002,0.993879973888397,0.983489990234375,1.15790963664588,NA,NA,NA,NA,NA,NA,NA,NA,NA,739.185747573996,NA,NA,NA,51.0625030106882,10137750,5.15148935615073,11.1,1013403,NA,NA,14.8,13.5,54825411764.7059,7.56553649902343,8.43430466621971,28.4200191497802,NA,96.5256778470843,86.8907903104585
"50","AZE",2022,NA,35.293,NA,NA,NA,NA,NA,NA,NA,NA,NA,NA,NA,NA,NA,1.16182628219843,NA,NA,NA,NA,NA,NA,NA,NA,NA,698.716849283836,NA,NA,NA,51.0283911966077,10141756,4.67331801395174,12.1,1030135,NA,NA,14.1,13.2,78807470588.2353,NA,4.75337310325499,NA,NA,99.0121340015827,83.9835422239724
"51","BEN",2019,NA,83.84,64.924,61.703,83.986,71.806,2.93313927895418,71.521,67.627,NA,3.5,0.819999992847443,0.929679989814758,NA,NA,0.483200013637543,51.8319985999825,NA,NA,NA,NA,NA,NA,5.05693621293055,NA,79.7282068576417,NA,NA,NA,49.9299075058803,12726755,3.98211326561793,36.036,NA,NA,NA,51.8,30,14391686313.4641,NA,17.3189792633057,NA,NA,56.0086898803711,NA
"52","BEN",2020,NA,81.062,NA,NA,NA,NA,2.93313927895418,NA,NA,NA,3.5,NA,0.925499975681305,0.890009999275208,0.809300005435944,0.520009994506836,NA,NA,NA,NA,NA,NA,NA,0.0382853230747031,NA,88.2881168696919,NA,NA,0.401228040456772,49.9124609635882,13070169,1.12020264806804,35.331,886445,NA,NA,50.4,29.5,15686741893.5187,NA,17.7046508789062,NA,NA,54.8153610229492,28.4684104919434
"53","BEN",2021,NA,79.804,NA,NA,NA,NA,2.93313927895418,NA,NA,NA,3.5,0.829999983310699,0.925650000572205,0.897289991378784,0.831520020961761,0.563820004463196,NA,10.5,3.1,7.6,2.57,NA,NA,5.52634136407744,NA,91.671608160827,NA,NA,NA,49.8958729236649,13413417,4.41335435119757,34.779,918285,NA,NA,49.1,29,17687623534.6665,NA,15.0910301208496,NA,NA,64.4326019287109,32.4124183654785
"54","BEN",2022,NA,78.86,68.7,63.4,80.003,67.506,NA,73.547,68.465,NA,4,0.910000026226044,NA,NA,NA,0.59306001663208,NA,NA,NA,NA,NA,NA,NA,NA,NA,105.518782265614,NA,31.6,NA,49.8785711690105,13759501,3.58043408047179,34.35,929099,NA,NA,47.7,28.5,17425405083.8797,NA,12.4441299438477,NA,NA,59.0801391601562,26.5807399749756
"55","BFA",2018,NA,104.185,44.579,31.296,75.519,60.744,4.31,55.594,51.221,NA,3.5,0.850000023841858,0.983500003814697,0.989130020141602,1.0009800195694,0.573607716031165,NA,11.4,2.6,6.3,1.87,8.37,1.76,4.9658945821823,80.2,104.907252964403,NA,NA,0.381130397319794,50.2359419616779,20438288,3.76772678322459,36.006,1281007,49.07022,50.92978,51.6,26.8,15890066221.2882,NA,25.49703929089,NA,108.13255,65.1968005545906,43.2715299109412
"56","BFA",2019,NA,96.659,75.2,59.53,87.633,71.573,4.31,76.389,70.369,NA,3.5,0.850000023841858,0.994759976863861,1.00651001930237,1.03302001953125,0.553698834468801,54.1048280089536,NA,NA,NA,NA,NA,NA,4.28765740742749,NA,117.769230080555,NA,NA,NA,50.2272855969098,20961952,3.24391866186016,34.325,1342143,NA,NA,50.2,26.3,16032813503.3707,21.5650405883789,26.5177244506988,66.7144088745117,NA,64.9180375685451,42.5727672383738
"57","BFA",2020,NA,91.464,NA,NA,NA,NA,4.31,NA,NA,NA,3.5,NA,1.00919997692108,1.0248099565506,1.06068003177643,0.54523332803079,NA,NA,NA,NA,NA,NA,NA,-1.56772156939967,NA,145.457774119222,NA,NA,0.387948900461197,50.2154577497723,21478690,-0.443420002406739,32.738,1361214,NA,NA,48.7,25.9,17725010532.5268,NA,28.7422569350929,NA,NA,66.0041337523712,43.422545028603
"58","BFA",2021,4.2,90.079,NA,NA,NA,NA,4.31,NA,NA,63.9,3.5,0.879999995231628,1.01706540584564,1.04399132728577,1.10512316226959,0.588371628046595,NA,10.5,3,7.3,2.06,NA,NA,-7.91693544452299,NA,154.602599509092,15.9,NA,NA,50.1999795955889,21995243,4.43100540861892,32.416,1370452,NA,NA,47.3,25.4,19697516284.3787,NA,28.9940329314279,NA,NA,68.5676465721692,41.2234486375664
"59","BFA",2022,NA,88.56,75.295,57.18,89.323,76.555,NA,72.517,65.592,NA,3.5,0.930000007152557,NA,NA,NA,0.623507703689578,NA,NA,NA,NA,NA,NA,NA,NA,NA,174.361920071938,NA,NA,NA,50.191747413117,22509038,-0.819552931034835,32.043,1250222,NA,NA,46.1,24.9,18820218690.5948,NA,31.939034440079,NA,NA,63.6547328633086,34.8243563274229
"60","BGR",2018,NA,38.873,36.147,19.249,76.77,72.278,3.97999337934041,68.531,61.106,NA,NA,NA,0.99440997838974,0.97681999206543,0.967760026454926,1.18245995044708,NA,14.1,1.9,5.7,12.02,21.28,3.07,3.29179545339878,NA,1680.79565405018,NA,NA,0.688391983509064,51.4727649939229,6710798,3.96557892268434,9.3,489665,NA,NA,5.8,3.4,66251582035.9412,NA,3.76900005340576,NA,NA,97.3978500366211,99.0924530029297
"61","BGR",2019,NA,39.169,38.693,21.513,78.98,73.546,4.06227190277432,68.654,61.299,NA,NA,NA,0.992929995059967,0.985469996929169,0.981689989566803,1.19164001941681,2.21400417234221,15.1,1.9,5.7,NA,NA,NA,7.91744478226175,NA,1804.21031575549,NA,NA,NA,51.5080778081015,6616726,5.26444792337858,9.3,480957,NA,NA,5.5,3.2,68634004792.1,NA,4.14869022369385,NA,NA,96.7766036987305,98.4272537231445
"62","BGR",2020,NA,37.508,37.992,20.226,76.759,71.814,4.06227190277432,68.043,60.176,NA,NA,NA,0.994620025157928,0.983699977397919,0.978070020675659,1.19024002552032,NA,13,2.2,6.1,NA,NA,NA,-1.01916746648315,NA,2177.55257467377,NA,NA,0.632297277450562,51.5480730789489,6550696,-2.24016707410934,9,472538,NA,NA,5.4,3,70550652466.6251,NA,4.17442989349365,NA,NA,97.914909362793,99.1731262207031
"63","BGR",2021,NA,36.408,35.184,19.162,78.503,72.709,4.06227190277432,66.171,58.276,NA,NA,NA,NA,NA,NA,1.20510005950928,NA,13.5,2,6.1,NA,NA,NA,8.81963240111006,NA,2520.31190239412,NA,NA,NA,51.5757300364609,6507301,8.49936745511968,9,476175,NA,NA,5.2,2.8,84414122840.1687,11.8562698364257,5.03953981399536,6.15934133529663,NA,92.7438812255859,96.0242462158203
"64","BGR",2022,NA,39.409,36.239,20.653,78.241,73.554,NA,66.88,59.477,NA,NA,NA,NA,NA,NA,1.23277997970581,NA,13.3,2.1,6.2,NA,NA,NA,NA,NA,2569.6711403517,NA,NA,NA,51.5891468098398,6465097,4.7179402574691,8.8,483516,NA,NA,5.1,2.7,90509236929.2237,NA,5.2447099685669,NA,NA,95.4121017456055,95.2285766601562
"65","BIH",2018,NA,11.814,31.133,14.237,73.173,80.145,NA,61.035,54.182,NA,NA,NA,NA,NA,NA,1.31536996364594,NA,NA,NA,NA,NA,NA,NA,6.26811488817016,NA,1301.77097732435,NA,NA,0.62741082906723,52.453646294656,3387000,5.10524878382219,8.803,247714,49.39487,50.60513,5.9,4.7,20484053868.9246,NA,NA,NA,NA,94.5624694824219,82.7040634155273
"66","BIH",2019,NA,11.354,29.859,16.595,72.077,77.159,NA,58.432,53.338,NA,NA,NA,NA,NA,NA,1.35125005245209,1.80974774248712,NA,NA,NA,NA,NA,NA,5.51454363440705,NA,1466.33816208725,NA,NA,NA,52.4593839008612,3345533,4.16260485448264,8.561,240189,NA,NA,5.9,4.7,20482608755.379,NA,NA,NA,NA,100.737892150879,88.4682235717773
"67","BIH",2020,NA,11.311,34.102,14.825,78.01,81.114,NA,65.815,57.621,NA,NA,NA,NA,NA,NA,1.36458003520966,NA,NA,NA,NA,NA,NA,NA,-1.9967032574839,NA,1588.3834073109,NA,NA,0.591636478900909,52.4543478122502,3299349,-1.65750889476411,8.353,234497,NA,NA,5.8,4.7,20226036564.4129,NA,0.864769995212555,NA,NA,96.5031890869141,88.8628005981445
"68","BIH",2021,NA,11.192,33.609,18.757,80.075,80.029,NA,68.324,60.519,NA,NA,NA,NA,NA,NA,1.37811005115509,NA,NA,NA,NA,NA,NA,NA,10.7996389580758,NA,1772.0003537295,NA,NA,NA,52.4378195005837,3244907,9.19171639031184,8.011,230773,NA,NA,5.7,4.7,23672712242.2149,NA,0.240170001983643,NA,NA,98.5437469482422,90.1843185424805
"69","BIH",2022,NA,11.089,34.224,18.681,80.859,79.822,NA,68.382,60.672,NA,NA,NA,NA,NA,NA,1.39692997932434,NA,NA,NA,NA,NA,NA,NA,NA,NA,1826.63068721264,NA,NA,NA,52.440930828176,3204802,5.53110882891563,7.748,229186,NA,NA,5.5,4.6,24534663636.1778,NA,0.604839980602264,NA,NA,101.550109863281,91.3817596435547
"70","BLR",2018,NA,11.932,22.331,11.916,86.329,81.897,4.72129350844955,77.987,70.749,NA,NA,NA,0.997730016708374,0.99057000875473,0.985859990119934,1.15640142502694,NA,5.2,4.3,10.1,NA,9.99,0.46,6.37138316759645,NA,1069.27280016019,NA,NA,NA,53.3986966920256,9438785,3.36999151883472,9.9,649357,48.29377,51.70623,2.6,1.2,60031026576.26,NA,4.21537354825886,NA,94.20139,98.2308226578176,99.2450693592526
"71","BLR",2019,NA,11.351,22.246,12.852,85.449,82.025,4.74105874841159,77.312,70.348,NA,NA,1,0.996460020542145,0.992380023002625,0.989629983901978,1.12091920363302,1.60865374337322,5.5,4.2,10,NA,9.33,0.58,3.07080674279538,99.9,1176.52857319622,NA,NA,NA,53.3808351933459,9419758,1.65136750420831,9.3,659299,NA,NA,2.4,1.1,64410170653.4569,NA,5.48186341774433,NA,NA,102.195894959251,99.9764899494534
"72","BLR",2020,NA,10.911,22.168,12.502,85.98,81.65,4.7370096892192,76.866,69.442,NA,NA,NA,1.00022995471954,0.991100013256073,0.985059976577759,1.12300548730149,NA,3.9,4.5,10.3,12.75,13.5,0.59,-1.23018129200361,NA,1305.57409635175,NA,NA,0.734237015247345,53.3865457861795,9379952,-0.251224717470436,8.886,679577,NA,NA,2.2,1,61371673344.7424,NA,5.97489827601034,NA,NA,97.5711351186853,97.3621430032036
"73","BLR",2021,NA,10.659,21.603,13.277,85.718,80.977,4.44530031372504,76.6,69.514,NA,NA,NA,1.00468003749847,0.99277001619339,0.984879970550537,1.12816544778171,NA,NA,NA,NA,NA,16.54,1.16,3.99809688025654,NA,1417.20276207489,NA,NA,NA,53.4030001623544,9302585,3.29081751550133,8.624,698534,NA,NA,2.1,0.9,69673747131.87,NA,5.73076309774809,NA,NA,94.9912421272314,97.7624218492925
"74","BLR",2022,NA,9.903,18.03,13.988,86.172,80.932,NA,77.235,69.564,NA,NA,NA,NA,NA,NA,1.12969402949808,NA,NA,NA,NA,NA,NA,NA,NA,NA,1510.66856120966,NA,NA,NA,53.4040223101204,9228071,-3.88854008273081,8.062,710858,NA,NA,2,0.8,73775179924.603,NA,7.12631267306386,NA,NA,93.0441985055689,96.6089670828604
"75","BLZ",2018,NA,72.19,75.277,42.485,81.229,76.264,6.39,85.999,73.549,NA,NA,NA,0.949199974536896,0.987559974193573,1.04132997989655,1.40604828145041,NA,16,2.2,5.8,NA,6.2,3.1,-3.34108236584589,NA,427.795430356918,NA,NA,NA,49.5653912005197,380226,-0.757266963135393,21.144,40353,50.58608,49.41392,11.7,9.7,2293250000,NA,NA,NA,97.6769,103.923138510809,72.5714285714286
"76","BLZ",2019,NA,65.575,78.878,47.598,90.1,81.508,6.39,83.536,72.375,NA,NA,NA,0.966790020465851,0.988719999790192,1.01857995986938,1.41884857360318,15.935660184566,NA,NA,NA,NA,NA,NA,3.17260927463023,NA,454.550075457202,NA,NA,NA,49.6086338990431,385829,2.75346463455901,19.335,40641,NA,NA,11.4,9.6,2388300000,NA,NA,NA,NA,102.915766738661,76.09375
"77","BLZ",2020,NA,58.522,NA,NA,NA,NA,6.39,NA,NA,NA,NA,NA,0.954850018024445,0.990760028362274,1.03791999816895,1.42411812801214,NA,NA,NA,NA,NA,NA,NA,-12.1910091091291,NA,433.40641106682,NA,NA,NA,49.6526453963681,390812,-15.0006803457529,18.353,39764,NA,NA,11.1,9.5,2042850000,NA,NA,NA,NA,104.811089970101,76.8949294302143
"78","BLZ",2021,NA,51.324,NA,NA,NA,NA,6.39,NA,NA,NA,NA,NA,0.955030024051666,0.988839983940125,1.02936005592346,1.41184420227429,NA,NA,NA,NA,NA,NA,NA,12.1231895677306,NA,498.516319695759,NA,NA,NA,49.6890073783284,395346,16.3958057933036,16.539,40746,NA,NA,11,9.4,2420550000,NA,3.4332576564889,NA,NA,114.214536928488,79.7575118608329
"79","BLZ",2022,NA,53.404,NA,NA,NA,NA,NA,NA,NA,NA,NA,1.00999999046326,NA,NA,NA,1.44919167540582,NA,NA,NA,NA,NA,NA,NA,NA,NA,476.50987927134,NA,NA,NA,49.6159986889577,402733,7.6417033896701,17.391,39418,NA,NA,10.9,9.4,2846700000,NA,7.60745703997448,NA,NA,106.842255940452,67.1833244254409
"80","BRB",2018,NA,45.864,62.161,49.77,78.666,81.786,3.80193460410574,81.573,74.825,NA,NA,NA,0.963280022144318,0.999639987945557,1.03919994831085,1.4945859104929,NA,NA,NA,NA,NA,NA,NA,NA,NA,1052.77213995827,NA,NA,NA,52.0726016173275,280711,-1.36417522426169,11.539,19571,49.59379,50.40621,10.9,8,5629916200,NA,6.59277660997516,NA,99.10657,88.5666480758505,NA
"81","BRB",2019,NA,46.03,60.36,50.176,77.402,81.459,3.235447511353,81.093,74.124,NA,NA,NA,0.958050012588501,0.998679995536804,1.04303002357483,1.52858845087496,12.9005007432283,NA,NA,NA,NA,NA,NA,NA,NA,1026.95554414366,NA,NA,NA,52.0570256074706,281207,0.475051848593893,11.446,19121,NA,NA,10.5,7.8,5788288000,NA,6.90962099125364,NA,NA,83.843717001056,NA
"82","BRB",2020,NA,45.931,NA,NA,NA,NA,3.03330901893487,NA,NA,NA,NA,NA,0.969879984855652,1.00007998943329,1.03185999393463,1.51400732248865,NA,NA,NA,NA,NA,NA,NA,NA,NA,1081.1932086465,NA,NA,NA,52.0399578270269,281698,-15.2024233113658,11.334,19033,NA,NA,10.2,7.6,5168344450,NA,8.12918708129187,NA,NA,93.774537296691,96.1405529953917
"83","BRB",2021,NA,45.948,57.672,46.929,74.312,79.65,6.37076440226129,74.748,67.918,NA,NA,NA,0.971660017967224,0.99848997592926,1.02567994594574,1.50374102763224,NA,NA,NA,NA,NA,NA,NA,NA,NA,1216.37656006507,NA,NA,NA,52.0260715159119,282147,-0.413697039221532,11.287,18918,NA,NA,9.9,7.3,5275242050,NA,9.90522775909508,NA,NA,96.4685108887581,97.5446428571429
"84","BRB",2022,NA,45.848,60.809,47.033,77.262,79.341,NA,79.894,72.643,NA,NA,NA,NA,NA,NA,1.51179234726701,NA,NA,NA,NA,NA,NA,NA,NA,NA,1171.54633061172,NA,NA,NA,52.0358320611228,282318,17.7614916652573,11.249,18957,NA,NA,9.6,7.1,6257303500,NA,12.4948453608247,NA,NA,85.2764423076923,86.8462757527734
"85","BRN",2018,NA,10.29,68.748,38.609,84.856,83.49,3.99014368743954,73.394,67.907,NA,NA,NA,1.0083624124527,1.01620995998383,1.02341997623444,1.42036272558505,NA,NA,NA,NA,NA,NA,NA,-3.35293224040136,NA,1462.01983389261,NA,NA,NA,46.8729514468638,437810,-1.09895907816934,14.924,44079,48.99839,51.00161,8.6,5.2,13566908401.1864,NA,NA,NA,101.04487,107.392739273927,102.073170731707
"86","BRN",2019,NA,10.042,66.055,40.985,84.117,78.254,3.99014368743954,74.266,67.005,NA,NA,NA,1.00834703445435,1.02144002914429,1.0338499546051,1.42814186275931,10.3409807344221,NA,NA,NA,NA,NA,NA,2.77103610618761,NA,1411.48661215572,NA,NA,NA,46.8254721243336,442680,2.72616486759021,14.572,42679,NA,NA,8.5,5.2,13469235348.2211,NA,NA,NA,NA,102.982516283853,103.747221340108
"87","BRN",2020,NA,8.847,70.034,40.963,86.543,80.253,3.99014368743954,75.499,67.49,NA,NA,NA,1.00382149219513,1.01873004436493,1.03349995613098,1.40497994422913,NA,NA,NA,NA,NA,NA,NA,-4.73361740499635,NA,1574.70325781423,NA,NA,0.644950985908508,46.7810899792804,447404,0.065735387685379,14.284,40816,NA,NA,8.5,5.2,12005799664.2691,NA,NA,NA,NA,106.363639831543,109.27326965332
"88","BRN",2021,NA,8.581,59.422,36.667,84.031,79.117,3.99014368743954,75.287,67.579,NA,NA,NA,NA,NA,NA,1.41180152478568,NA,NA,NA,NA,NA,NA,NA,-3.24130935662853,NA,1404.08896167965,NA,NA,NA,46.7811918887807,451721,-2.5312383018266,14.06,41386,NA,NA,8.4,5.1,14006496614.3195,NA,NA,NA,NA,102.635969302636,102.641509433962
"89","BRN",2022,NA,8.589,58.174,31.834,83.824,78.384,NA,77.434,69.019,NA,NA,NA,NA,NA,NA,1.40723898669181,NA,NA,NA,NA,NA,NA,NA,NA,NA,1241.9971049882,NA,NA,NA,46.8198318286928,455370,-2.4166096837327,13.847,40744,NA,NA,8.3,5,16681536442.5498,NA,NA,NA,NA,107.748830995324,104.464585431353
"90","CEB",2018,NA,19.5899997698183,43.6378608876049,23.9165330944294,81.9981061135736,76.6395790120248,4.0306347112008,71.0049729549855,61.7815245769162,NA,NA,1.0009800195694,0.993669986724854,0.992479979991913,0.991590023040771,1.28324997425079,NA,NA,NA,NA,NA,NA,NA,5.16046774996765,NA,2079.20298109946,NA,NA,NA,51.5931133055368,102074201,5.33514293438024,10.1181520284445,7291400,48.44025,51.55975,4.2370588675825,2.70659139875797,1658215183813.33,NA,NA,NA,76.17216,93.9926986694336,93.9003982543945
"91","CEB",2019,NA,18.6727533394632,44.1028952397507,23.977650948842,82.1842639463047,76.6380401029228,4.15580889518604,70.9132132431371,61.2239436167517,NA,NA,1.00083994865418,0.991919994354248,0.993189990520477,0.994069993495941,1.29054999351502,4.64425613438535,NA,NA,NA,NA,NA,NA,4.9358494184425,NA,2343.55849600806,NA,NA,NA,51.5609527397616,101864274,4.24109470646795,9.93209882004362,7239671.5,NA,NA,4.05746028397598,2.61936227638173,1686042070714.23,NA,NA,NA,NA,93.8429183959961,95.4021377563477
"92","CEB",2020,NA,17.6322461869826,44.0157225493608,23.0291004967214,81.5829529662222,75.9844566120737,4.15782753041066,70.5418166198743,60.6237332195178,NA,NA,1.00071001052856,0.984780013561249,0.993629992008209,0.998099982738495,1.28602004051208,NA,NA,NA,NA,NA,NA,NA,-1.80594786582634,NA,2566.94467796875,NA,NA,NA,51.5421929667716,101215763,-2.6958890290875,9.70552588928268,8249871.5,NA,NA,3.9944836328859,2.56414198067036,1679770251031.92,NA,NA,NA,NA,94.574592590332,98.7446212768555
"93","CEB",2021,NA,16.6434236209535,41.5355142407838,20.8941842873696,82.01002839036,77.4765242144679,4.15801540589829,70.0367245806918,60.3829118712527,NA,NA,1.00059998035431,NA,NA,NA,1.29030001163483,NA,NA,NA,NA,NA,NA,NA,5.79587444219847,NA,2934.74493806145,NA,NA,NA,51.5479041319076,100205732,7.62001578588882,9.54356119967269,8158473,NA,NA,3.92952886675911,2.52678368839027,1927940096544.03,NA,NA,NA,NA,95.1323776245117,99.8056564331055
"94","CEB",2022,NA,16.1912007231713,41.6878142211016,21.8695962583002,82.3229476689194,78.0445685978903,NA,70.0263168065889,60.6545023698159,NA,NA,1.00055003166199,NA,NA,NA,1.30455005168915,NA,NA,NA,NA,NA,NA,NA,NA,NA,3106.20469921446,NA,NA,NA,51.5501407477445,100071871,4.17582864219841,8.85454642893606,8256087.5,NA,NA,3.92088972010921,2.48152945776241,1956274288914.43,NA,NA,NA,NA,95.3651962280273,105.889038085938
"95","CHE",2018,NA,2.334,63.685,43.1,82.064,80.441,4.37407402601123,71.813,66.458,NA,NA,NA,0.993939995765686,0.970459997653961,0.951099991798401,1.05497002601623,NA,11.2,3,7.5,NA,NA,NA,-1.27354754776961,NA,7944.55599428454,NA,NA,0.771320283412933,50.4149080873201,8514329,2.10552471989985,10.3,608878,NA,NA,3.6,2.9,725568717468.001,NA,0.0951799973845482,NA,NA,95.4034194946289,98.9933929443359
"96","CHE",2019,NA,1.992,63.589,42.401,82.397,80.796,4.37407402601123,70.431,66.034,NA,NA,NA,0.995119988918304,0.968580007553101,0.946449995040894,1.06560003757477,4.74880946988912,11.1,2.9,7.4,NA,NA,NA,0.767111450224462,NA,8454.88520394289,NA,NA,NA,50.4025986986454,8575280,0.423089633793808,10,606669,NA,NA,3.5,2.8,721369112726.724,NA,0.065760001540184,NA,NA,94.6508102416992,97.182258605957
"97","CHE",2020,NA,1.671,62.184,42.174,81.825,80.587,4.37407402601123,70.777,65.558,NA,NA,NA,0.993499994277954,0.968540012836456,0.94744998216629,1.0848799943924,NA,10.4,3,7.5,NA,NA,NA,-6.14915656005589,NA,8795.40779707754,NA,NA,0.764990091323853,50.3841407905162,8638167,-2.85415823647342,9.9,606199,NA,NA,3.5,2.8,741999406005.627,NA,0.103479996323585,NA,NA,95.2465896606445,99.2618408203125
"98","CHE",2021,NA,1.471,61.508,42.91,81.696,79.809,4.37407402601123,70.632,66.088,NA,NA,NA,NA,NA,NA,1.10327994823456,NA,11.2,3,7.5,NA,NA,NA,7.43410819959753,NA,9834.87789886447,NA,NA,NA,50.3641083336855,8704546,4.75464519304134,10.3,609960,NA,NA,3.5,2.8,815309330986.719,NA,0.169880002737045,NA,NA,96.3942031860352,97.7143630981445
"99","CHE",2022,NA,1.386,62.729,42.577,80.482,78.89,NA,70.388,65.743,NA,NA,NA,NA,NA,NA,1.11602997779846,NA,11.9,2.9,7.4,43.17,NA,NA,NA,NA,10667.9495368619,NA,NA,NA,50.3510732603124,8777088,2.1924092887961,9.4,616723,NA,NA,3.5,2.8,828508926958.393,NA,0.228900000452995,NA,NA,95.5380325317383,96.607307434082
"100","CHL",2018,NA,23.705,62.841,35.15,89.63,78.355,4.99481572048264,78.571,67.95,NA,NA,NA,0.971270024776459,0.98565000295639,1.00041997432709,1.14221000671387,NA,NA,NA,NA,NA,NA,NA,-0.822117506733406,NA,2315.51811363117,NA,NA,0.677564680576324,50.2591727495463,18893191,2.14988195463914,11.698,1522145,NA,NA,6.3,5,295857562991.709,NA,2.20362997055054,NA,NA,97.6894683837891,96.2566680908203
"101","CHL",2019,NA,18.968,62.302,34.894,89.897,78.656,5.5288416385867,77.299,67.249,NA,NA,NA,0.97189998626709,0.982060015201569,0.992429971694946,1.14408004283905,7.11162087300677,NA,NA,NA,NA,NA,NA,1.27462493189259,NA,2384.37378889567,NA,NA,NA,50.2589601288026,19197744,-0.962096016030856,10.94,1537232,NA,NA,6,4.7,278285058719.466,5.20738220214843,1.96757996082306,22.6852645874023,NA,96.9540100097656,96.6719207763672
"102","CHL",2020,NA,14.415,54.966,26.881,85.961,74.666,5.5288416385867,71.519,60.066,NA,NA,NA,0.967980027198792,0.979330003261566,0.99084997177124,1.15575003623962,NA,15.5,1.7,4.9,NA,NA,NA,-10.1686810019026,NA,2458.36063844753,NA,NA,0.665782749652863,50.268829749625,19370624,-6.98113061984451,10.097,1535283,NA,NA,5.9,4.5,254042159309.311,NA,2.83857989311218,NA,NA,97.5408630371094,98.7256698608398
"103","CHL",2021,NA,7.892,55.778,26.466,87.817,76.951,5.5288416385867,72.915,61.437,NA,NA,NA,NA,NA,NA,1.18094003200531,NA,NA,NA,NA,NA,NA,NA,5.80453008327724,NA,2828.62649445536,NA,NA,NA,50.2867960634311,19456334,10.824550522267,9.07,1594942,NA,NA,5.8,4.5,315325547162.072,NA,2.74498009681702,NA,NA,97.7230606079102,99.8592834472656
"104","CHL",2022,NA,7.687,56.778,29.511,88.579,79.671,NA,74.993,64.419,NA,NA,1.004,NA,NA,NA,1.16952002048492,NA,13.8,2.3,5.9,12.93,NA,NA,NA,NA,3171.26405235785,NA,NA,NA,50.2994240741221,19553036,1.64877813218645,9.672,1604309,NA,NA,5.9,4.5,301226575540.242,NA,1.99065005779266,NA,NA,98.8135299682617,100.040496826172
"105","CIV",2018,NA,102.061,NA,NA,NA,NA,3.18644784854212,NA,NA,NA,3,NA,0.926440000534058,0.867879986763,0.768459975719452,NA,NA,12,2.9,7,2.8,8.33,0.56,1.96202769053353,NA,145.233662611182,NA,NA,0.366944164037705,48.8196658541171,27464173,2.05334874793748,35.081,2040520,43.47853,56.52147,54.1,30.9,58522477786.6889,NA,18.7386706878466,NA,98.95423,65.1730012586897,45.0411468697736
"106","CIV",2019,NA,99.014,56.883,41.696,80.259,66.448,3.18644784854212,65.106,60.574,NA,3,0.801384100905871,0.940569996833801,0.884140014648438,0.793129980564117,0.790090875382072,54.3054200963566,NA,NA,NA,NA,NA,NA,2.33426183964087,NA,159.521951619543,NA,NA,NA,48.8742014021987,28193009,3.96244737490909,34.306,2227143,NA,NA,52.3,30.3,60382894697.3557,9.19999694824218,17.3355205954826,76.7833709716796,NA,68.4297525471377,48.2739700812041
"107","CIV",2020,NA,96.903,NA,NA,NA,NA,3.18644784854212,NA,NA,NA,3,NA,0.943599998950958,0.898069977760315,0.826719999313354,0.847131458959656,NA,NA,NA,NA,NA,NA,NA,0.591272317640687,NA,180.792440781621,NA,NA,0.377775400876999,48.9287076632043,28915449,-1.81621061689408,33.651,2387532,NA,NA,50.9,29.7,63027852805.4204,NA,16.2388620164343,NA,NA,70.5036415257376,52.9312166398811
"108","CIV",2021,3.9,94.609,NA,NA,NA,NA,3.18644784854212,NA,NA,41.4,3.5,0.769999980926514,0.952820003032684,0.915130019187927,0.859139978885651,0.861415855576062,NA,10.2,3.1,7.6,2.91,NA,NA,0.811676792075772,NA,207.409694084665,31.5,NA,NA,48.9816609702597,29639736,4.44709198559022,33.081,2563544,NA,NA,49.2,29.2,72794636649.4342,NA,18.3012668103049,NA,NA,69.0392878312341,51.9720091385391
"109","CIV",2022,NA,93.194,64.57,48.899,78.421,65.802,NA,74.417,66.472,NA,3.5,NA,0.956358850002289,NA,NA,0.862810120501523,NA,NA,NA,NA,NA,NA,NA,NA,NA,226.621637121279,NA,NA,NA,49.0316022690705,30395002,3.75602084648943,32.5,2522965,NA,NA,47.9,28.7,70922824824.0069,NA,19.6377092723827,NA,NA,65.6604297418292,54.8791465856691
"110","COL",2018,NA,65.17,74.952,40.789,79.872,71.611,3.9854009121329,83.758,70.609,NA,NA,1,0.970250010490417,1.01321005821228,1.05325996875763,1.13541996479034,NA,20.4,1.4,4,NA,NA,NA,0.0468131111021677,NA,1162.06770609917,NA,NA,0.612245380878448,50.5774728887409,49024465,0.695264947238812,14.195,4821029,50.22036,49.77964,12.7,7.7,334198218098.276,NA,4.20764017105103,NA,111.00966,105.190063476562,83.2036895751953
"111","COL",2019,NA,64.278,73.386,39.528,79.195,70.937,3.91355709427248,83.412,69.91,NA,NA,1.00999999046326,0.967310011386871,1.01104998588562,1.05071997642517,1.1255099773407,10.3397734089232,21.2,1.2,3.7,NA,NA,NA,1.9854214378614,NA,1258.85478121293,NA,NA,NA,50.5809661520095,49907985,1.36014067984289,14.218,4908362,NA,NA,12.4,7.5,323031701192.84,NA,4.44199991226196,NA,NA,103.186859130859,84.1718292236328
"112","COL",2020,NA,62.885,NA,NA,NA,NA,4.31309340733355,NA,NA,NA,NA,1.00999999046326,0.966480016708374,1.00679004192352,1.0429699420929,1.13554000854492,NA,22.3,0.9,3.1,3.86,NA,NA,-6.6970958068439,NA,1351.406457055,NA,NA,0.61432945728302,50.5962828598176,50629997,-8.50949477621059,14.106,4864338,NA,NA,12,7.2,270348342541.465,NA,5.52868986129761,NA,NA,99.61083984375,84.7359619140625
"113","COL",2021,NA,62.023,73.129,36.804,80.875,70.605,4.31309340733355,83.896,69.721,NA,NA,1.006,NA,NA,NA,1.15137004852295,NA,21.9,1,3.1,NA,NA,NA,6.47893899702655,NA,1596.07834518119,NA,NA,NA,50.6267404654833,51188173,9.5929782838861,13.947,4925430,NA,NA,11.6,7,318524633225.395,NA,6.57965993881226,NA,NA,98.2741165161133,90.5865097045898
"114","COL",2022,NA,60.175,67.547,35.401,85.197,74.535,NA,81.587,68.294,NA,NA,1.006,NA,NA,NA,1.15418994426727,NA,21.7,1,3.2,NA,NA,NA,NA,NA,1598.86865795567,NA,NA,NA,50.6480330954009,51737944,6.18779953705864,13.731,4849497,NA,NA,11.3,6.8,345632492851.448,NA,6.78859996795654,NA,NA,96.7505111694336,87.4009780883789
"115","CPV",2018,NA,50.97,68.6,51.45,73.49,68.48,5.21371659070838,64.69,58.94,NA,4,NA,0.934210002422333,1.00699996948242,1.10310995578766,1.36257539891502,NA,NA,NA,NA,NA,NA,NA,8.0271002778302,98.8,396.686237254856,NA,NA,NA,49.2486584926424,513415,3.60152349643896,15.451,52212,52.22378,47.77622,14,10.1,2205099506.99994,NA,2.47292543284818,NA,98.32815,93.3567154941201,86.5665046398586
"116","CPV",2019,NA,45.194,69.15,54.57,71.68,68.02,5.21371659070838,63.64,58.17,NA,4,NA,0.942239999771118,1.00568997859955,1.08632004261017,NA,15.8291786031253,NA,NA,NA,NA,NA,NA,6.3455295349422,NA,404.857577015106,NA,NA,NA,49.1916032553724,514104,6.80449531732363,14.288,53616,NA,NA,13.2,9.6,2252177124.32402,NA,2.20971440483636,NA,NA,103.407902989755,84.9826388888889
"117","CPV",2020,NA,39.913,NA,NA,NA,NA,5.21371659070838,NA,NA,NA,4,NA,NA,NA,NA,NA,NA,NA,NA,NA,NA,NA,NA,-16.2773532759992,NA,482.977077162865,NA,NA,NA,49.1357736846196,514679,-20.8937523404244,13.142,55705,NA,NA,12.5,9.3,1821565613.68613,NA,3.65645369305309,NA,NA,95.1837769328264,86.4563210989483
"118","CPV",2021,NA,38.922,NA,NA,NA,NA,5.21371659070838,NA,NA,NA,4,NA,NA,NA,NA,NA,NA,NA,NA,NA,NA,NA,NA,6.8747123909036,NA,584.017781135876,NA,NA,NA,49.1167117327238,516649,6.62540765957627,12.569,55338,NA,NA,12,8.9,2051842618.70539,NA,3.03251608415928,NA,NA,95.7088767353807,109.722520972252
"119","CPV",2022,NA,38.673,NA,NA,NA,NA,NA,NA,NA,NA,4,NA,NA,NA,NA,NA,NA,NA,NA,NA,NA,NA,NA,NA,NA,663.906719630359,NA,NA,NA,49.1264896814189,519741,15.1545081084513,12.438,55831,NA,NA,11.5,8.6,2247003344.34242,NA,51.2549904530463,NA,NA,100.083177375754,92.8188638799571
"120","CRI",2018,NA,49.006,76.435,43.118,81.082,70.97,6.96686198283506,78.071,66.807,NA,NA,NA,1.00888001918793,1.04136002063751,1.07530999183655,1.17250001430511,NA,19.3,1.5,4.3,NA,7.41,1.13,0.85918247604107,97.6,1566.32042725931,NA,NA,0.616934180259705,50.5009260122094,4957818,1.69193410358987,13.622,476668,50.68349,49.31651,7.8,6.2,62420164991.5444,NA,6.75921010971069,NA,111.06149,91.3276977539062,69.5640487670898
"121","CRI",2019,NA,42.097,75.103,45.695,84.414,75.489,7.08838794090528,79.214,69.754,NA,NA,NA,1.00741004943848,1.04131996631622,1.07574999332428,1.17723000049591,7.1284953663228,19.1,1.6,4.4,8.93,NA,NA,1.80470512451043,NA,1685.41120169222,NA,NA,NA,50.509615559631,4999553,1.56255641347028,12.661,504316,NA,NA,7.9,6.2,64417670521.3339,NA,5.00962018966675,NA,NA,93.5261306762695,70.7902069091797
"122","CRI",2020,NA,33.354,71.514,42.408,81.362,74.565,6.85717834728279,76.972,65.82,NA,NA,NA,1.01698994636536,1.05157005786896,1.08633995056152,NA,NA,20.3,1.4,4,NA,NA,NA,-5.3516655516801,NA,1729.41577302746,NA,NA,0.642893075942993,50.5233676047609,5034320,-4.93444227198336,11.366,505328,NA,NA,8.2,6.4,62395610759.9798,NA,5.58536005020142,NA,NA,98.7289962768555,66.8155136108398
"123","CRI",2021,NA,27.871,71.471,42.473,82.37,73.777,6.85717834728279,78.626,68.777,NA,NA,NA,0.99126672744751,NA,NA,NA,NA,19.6,1.6,4.3,NA,NA,NA,4.77267913180792,NA,1837.40210741328,NA,NA,NA,50.5463353957233,5059988,7.38823226408623,10.543,528269,NA,NA,8.5,6.6,64960725734.2362,NA,6.38809013366699,NA,NA,100.080001831055,68.8480606079102
"124","CRI",2022,NA,26.451,71.701,41.942,78.199,71.521,NA,78.517,69.045,NA,NA,NA,NA,NA,NA,NA,NA,18.7,1.7,4.5,NA,NA,NA,NA,NA,1917.43401083255,NA,NA,NA,50.5675785022681,5081765,4.10345495842361,10.319,501018,NA,NA,8.8,6.9,69243626028.6698,NA,6.5011100769043,NA,NA,92.3808975219727,66.2293930053711
"125","CSS",2018,NA,52.0343981260035,NA,NA,NA,NA,3.78139000077627,NA,NA,NA,3.4,NA,0.974370002746582,1.01075994968414,1.06008994579315,NA,NA,NA,NA,NA,NA,NA,NA,NA,NA,1234.17980765467,NA,NA,NA,50.6030601821304,4407658,0.277508967464144,15.2309102593713,542549.8125,50.60897,49.39103,18.9694540993662,13.5108143236849,60893234438.5669,NA,NA,NA,89.95774,91.1434020996094,82.3242263793945
"126","CSS",2019,NA,50.9561591706505,61.5436537784841,39.6757148402754,79.4615678573883,76.0141197337388,3.74308671429246,81.7813958581256,74.2730071969321,NA,3.4,NA,0.986400008201599,1.01321995258331,1.04855000972748,NA,11.8613400399084,NA,NA,NA,NA,NA,NA,NA,NA,1326.35286645853,NA,NA,NA,50.5896391057236,4443134,0.113349961407792,15.1925253296434,547577.5,NA,NA,18.9557957775071,13.3258047677049,61929300627.7488,NA,NA,NA,NA,91.1974487304688,83.2912826538086
"127","CSS",2020,NA,49.2839474272803,NA,NA,NA,NA,3.73489050749068,NA,NA,NA,3.4,NA,0.990819990634918,1.01545000076294,1.04701995849609,NA,NA,NA,NA,NA,NA,NA,NA,NA,NA,1334.4638363033,NA,NA,NA,50.694748452486,4459302,-9.4427793217518,14.8023113464843,529626.9375,NA,NA,18.219759136336,12.969099062978,53180553803.0434,NA,NA,NA,NA,87.6184616088867,82.4515228271484
"128","CSS",2021,NA,47.3710634856386,NA,NA,NA,NA,4.0380826347115,NA,NA,NA,3.4,NA,NA,NA,NA,NA,NA,NA,NA,NA,NA,NA,NA,NA,NA,1355.13008108351,NA,NA,NA,50.7264918282382,4479167,6.0068369498303,14.4492017486734,525584.625,NA,NA,17.8103424792288,12.6866640434644,61961705340.7798,NA,NA,NA,NA,89.2500610351562,82.9161605834961
"129","CSS",2022,NA,46.9341105170625,NA,NA,NA,NA,NA,NA,NA,NA,3.4,NA,NA,NA,NA,NA,NA,NA,NA,NA,NA,NA,NA,NA,NA,1446.02874768105,NA,NA,NA,50.7381560523244,4497310,14.5541521407959,14.3615631877722,516014.40625,NA,NA,17.3249795510315,12.3188160804629,78054577760.2976,NA,NA,NA,NA,89.4670562744141,82.038948059082
"130","CUB",2018,NA,52.373,NA,NA,NA,NA,13.01,NA,NA,NA,NA,NA,0.956679999828339,0.986819982528687,1.01574003696442,1.36346791512583,NA,NA,NA,NA,NA,NA,NA,1.15321726655495,NA,2506.44307098415,NA,NA,NA,50.4596861331364,11227118,2.436568386332,10.172,785424,48.99787,51.00213,5.2,2.9,100050036096.123,NA,2.89268403833657,NA,104.85011,91.3569294831176,92.8855721393035
"131","CUB",2019,NA,51.098,NA,NA,NA,NA,13.01,NA,NA,NA,NA,1,0.966019988059998,0.988439977169037,1.01071000099182,1.39326661057969,9.21507185480928,NA,NA,NA,NA,NA,NA,0.507021737418185,99.1,2578.01886466903,NA,NA,NA,50.487518975089,11202846,0.0532186639248664,9.668,762620,NA,NA,5.4,3.2,103427600000,NA,2.37729358116839,NA,NA,91.306835452091,92.4849186017685
"132","CUB",2020,NA,50.532,NA,NA,NA,NA,13.01,NA,NA,NA,NA,NA,0.971319973468781,0.988740026950836,1.00659000873566,1.44932538981522,NA,NA,NA,NA,NA,NA,NA,NA,NA,2623.38390435945,NA,NA,NA,50.5178746591129,11176354,-10.7380017373744,9.257,744591,NA,NA,5.7,3.5,107351800000,NA,1.70886965048603,NA,NA,94.9539241547052,NA
"133","CUB",2021,NA,48.346,NA,NA,NA,NA,13.01,NA,NA,NA,NA,NA,0.981899976730347,1.00246000289917,1.02637994289398,1.45710297529267,NA,NA,NA,NA,NA,NA,NA,NA,NA,3069.78705548511,NA,NA,NA,50.5701855969088,11122168,1.74699047212907,8.814,716982,NA,NA,6,3.8,NA,NA,1.35984216117772,NA,NA,97.4330191326741,89.4473822893383
"134","CUB",2022,NA,47.767,NA,NA,NA,NA,NA,NA,NA,NA,NA,NA,NA,NA,NA,NA,NA,NA,NA,NA,NA,NA,NA,NA,NA,2884.42889880335,NA,NA,NA,50.6199467984108,11059820,2.34878966768176,8.662,735074,NA,NA,6.3,4,NA,NA,3.1153799135373,NA,NA,93.7470638739045,89.0128416672645
"135","CYP",2018,NA,7.136,44.332,28.269,84.734,79.676,5.39952737216308,73.187,67.94,NA,NA,NA,0.99115002155304,0.983219981193542,0.975019991397858,1.07647001743317,NA,7.5,3.5,8.4,29.68,NA,NA,3.63364871819417,NA,2795.31606089402,NA,NA,0.762143433094025,49.5453425846576,1270737,4.98319342721467,11.029,54966,NA,NA,2.5,1.7,25754001367.5448,NA,0.818499982357025,NA,NA,101.860679626465,96.9766387939453
"136","CYP",2019,NA,6.974,47.213,27.526,85.373,80.993,5.36255618701566,73.379,67.305,NA,NA,NA,0.993120014667511,0.981190025806427,0.968739986419678,1.05941998958588,4.7917246170997,7.7,3.5,8.5,NA,NA,NA,2.23169355109383,NA,3179.28447990541,NA,NA,NA,49.55750149028,1286671,4.44895560339916,11.014,55499,NA,NA,2.6,1.8,26196667099.5303,NA,NA,NA,NA,102.125198364258,97.4591293334961
"137","CYP",2020,NA,7.274,47.648,27.415,83.916,81.265,5.36255618701566,73.608,65.418,NA,NA,NA,0.99371999502182,0.981880009174347,0.969479978084564,1.10846996307373,NA,7.1,3.6,8.5,NA,NA,NA,-9.68084758071399,NA,3766.14998807623,NA,NA,0.762677609920502,49.575426493264,1302247,-4.31145324565664,11.142,55922,NA,NA,2.6,1.8,25555093854.2968,NA,NA,NA,NA,99.4018402099609,81.609977722168
"138","CYP",2021,NA,7.077,46.09,27.977,84.467,80.753,5.36255618701566,74.829,66.847,NA,NA,NA,NA,NA,NA,1.21867001056671,NA,7.9,3.5,8.6,NA,NA,NA,3.69799317932944,NA,4615.01587485465,NA,NA,NA,49.5985752762452,1317309,10.3551664171385,11.236,56714,NA,NA,2.7,1.9,30372642502.4897,1.77620697021484,NA,7.44320774078369,NA,100.749061584473,104.046371459961
"139","CYP",2022,NA,7.041,45.055,27.944,85.348,80.847,NA,75.098,68.023,NA,NA,NA,NA,NA,NA,1.3228600025177,NA,7,3.6,8.7,NA,NA,NA,NA,NA,4813.3001072934,NA,NA,NA,49.6139687795044,1331370,5.75460616309562,11.048,58212,NA,NA,2.8,1.9,30935566076.6788,NA,NA,NA,NA,100.143241882324,103.997207641602
"140","CZE",2018,NA,10.738,28.395,16.636,81.834,72.437,3.94537507092925,71.233,63.889,NA,NA,NA,1.00601994991302,1.00498998165131,1.00420999526978,1.28228998184204,NA,4.9,4.2,10.2,26.45,3.85,0.68,2.76848888155654,NA,3075.20564894086,NA,NA,0.781824350357056,50.7407523620626,10629928,2.48698770067625,10.7,787114,NA,NA,2.5,1.6,251992360762.236,NA,1.97675001621246,NA,NA,93.3873062133789,95.9976577758789
"141","CZE",2019,NA,9.834,29.517,18.037,81.764,71.118,4.30352787787162,71.047,63.585,NA,NA,NA,1.00461995601654,1.00761997699738,1.00978004932404,1.28250002861023,5.82779134424743,4.7,4.2,10.1,NA,4.64,0.83,1.89342926083955,NA,3422.44658856912,NA,NA,NA,50.7198806238823,10671870,3.15874802851988,10.5,807502,NA,NA,2.4,1.6,256794209028.77,NA,1.7639399766922,NA,NA,96.514892578125,94.2827911376953
"142","CZE",2020,NA,9.036,30.866,16.863,81.646,69.987,4.30352787787162,70.305,62.801,NA,NA,NA,1.00294995307922,1.00697004795074,1.00972998142242,1.28620994091034,NA,5.6,4,9.8,NA,NA,NA,-5.72905607057793,NA,4023.5557809821,NA,NA,0.774382770061493,50.7054842646948,10697858,-5.53491969820153,10.3,833892,NA,NA,2.4,1.5,251109660602.536,NA,1.4352400302887,NA,NA,96.5886306762695,94.2677307128906
"143","CZE",2021,NA,8.096,28.704,16.699,81.583,71.056,4.30352787787162,70.139,62.372,NA,NA,NA,NA,NA,NA,1.27947998046875,NA,5.7,3.9,9.7,NA,NA,NA,5.71744507791871,NA,4581.48007414835,NA,NA,NA,50.7042895508297,10505772,5.93106968937249,10.6,870572,NA,NA,2.3,1.4,290972714482.313,NA,NA,NA,NA,101.592529296875,97.4317779541016
"144","CZE",2022,NA,6.913,29.183,17.488,81.959,72.68,NA,70.191,62.237,NA,NA,NA,NA,NA,NA,1.29106998443603,NA,6.5,3.8,9.8,NA,NA,NA,NA,NA,4616.50710655892,NA,NA,NA,50.6982339152949,10672118,1.24409473190281,9.5,904504,NA,NA,2.2,1.4,301831228325.556,NA,NA,NA,NA,102.676872253418,93.46923828125
"145","DEU",2018,NA,7.665,52.402,30.612,73.733,73.75,4.45174369853174,68.579,64.573,NA,NA,NA,1.00722002983093,0.960990011692047,0.941559970378876,1.05297005176544,NA,10.7,3.1,8,NA,NA,NA,1.26805901040905,NA,6341.37571908806,NA,NA,0.776928842067719,50.6244048561935,82905782,0.813017363439201,9.5,6948797.5,NA,NA,3.2,2.3,4052008447223.53,NA,0.591239988803864,NA,NA,98.7400817871094,NA
"146","DEU",2019,NA,7.126,53.327,31.542,74.387,74.353,4.53345437624769,68.974,64.988,NA,NA,NA,1.00838994979858,0.965369999408722,0.947109997272491,1.03829002380371,4.7599854163992,11,3.1,7.9,NA,NA,NA,0.726939638167096,NA,6830.81144070625,NA,NA,NA,50.6200120235733,83092962,0.76040219541116,9.4,6923443,NA,NA,3.1,2.3,3957208055215.68,NA,0.697390019893646,NA,NA,99.9308776855469,NA
"147","DEU",2020,NA,6.544,52.904,32.248,73.158,72.094,4.53345437624769,67.135,63.006,NA,NA,NA,1.0077600479126,0.970099985599518,0.953830003738403,1.06132996082306,NA,11,2.9,7.8,40.63,NA,NA,-4.77153153809168,NA,7347.78164969575,NA,NA,0.767585933208466,50.6255262173185,83160871,-4.17345323463887,9.3,6876844.5,NA,NA,3.1,2.3,3940142541354.1,NA,0.935540020465851,NA,NA,98.487190246582,NA
"148","DEU",2021,NA,6.241,54.188,32.808,73.097,72.824,4.53345437624769,67.27,63.047,NA,NA,NA,NA,NA,NA,1.07568001747131,NA,NA,NA,NA,NA,NA,NA,2.50285421951435,NA,7995.22044587474,NA,NA,NA,50.6322657700301,83196078,3.62612870918142,9.6,6851760,NA,NA,3.1,2.3,4348297440387.53,NA,1.16339004039764,NA,NA,101.021011352539,63.054859161377
"149","DEU",2022,NA,5.577,56.658,35.332,72.821,72.564,NA,67.199,63.098,NA,NA,NA,NA,NA,NA,1.08142995834351,NA,NA,NA,NA,NA,NA,NA,NA,NA,8453.61740060363,NA,NA,NA,50.6321243311345,83797985,0.641609114499019,8.8,6828088.5,NA,NA,3.1,2.3,4163596357879.39,NA,1.51938998699188,NA,NA,98.0000991821289,61.8900413513184
"150","DNK",2018,NA,2.446,50.786,34.216,79.396,74.831,6.17364714761534,69.47,66.186,NA,NA,NA,0.998889982700348,0.999819993972778,0.999409973621368,1.26526999473572,NA,6.6,3.7,9.3,40.94,NA,NA,1.71157395845958,NA,5816.91954978254,NA,NA,0.785993933677673,50.244449952225,5793636,1.35619600199787,10.6,531247,NA,NA,3.4,2.7,355293374912.393,NA,0.332320004701614,NA,NA,99.6264190673828,100.037101745605
"151","DNK",2019,NA,2.056,51.822,34.45,79.476,75.384,6.24096490619321,70.119,66.401,NA,NA,NA,0.998369991779327,0.995649993419647,0.991479992866516,1.27155995368957,6.82614009736737,5.9,3.8,9.5,NA,NA,NA,0.953633788648986,NA,6180.27342884579,NA,NA,NA,50.2466714064449,5814422,1.34779245340653,10.5,527967,NA,NA,3.3,2.5,345401473012.615,NA,0.376639991998672,NA,NA,100.529312133789,100.922607421875
"152","DNK",2020,NA,1.663,51.638,34.333,78.329,75.789,6.24096490619321,69.497,65.539,NA,NA,NA,0.999549984931946,0.996890008449554,0.992669999599457,1.27427005767822,NA,6.8,3.7,9.4,NA,NA,NA,-0.979269369500358,NA,6712.17242735895,NA,NA,0.773608803749084,50.2559877082001,5831404,-2.06613837683189,10.4,530006,NA,NA,3.2,2.3,355631021931.621,NA,0.293289989233017,NA,NA,99.6574783325195,101.313209533691
"153","DNK",2021,NA,1.42,52.85,34.961,79.016,75.1,6.24096490619321,69.26,65.239,NA,NA,NA,NA,NA,NA,1.27216994762421,NA,7.2,3.7,9.2,NA,NA,NA,6.17975354122169,NA,7531.54959489332,NA,NA,NA,50.2485497140406,5856733,6.91766402041216,10.8,538290,NA,NA,3.2,2.1,408378204639.999,1.13674163818359,0.420040011405945,3.02338004112243,NA,99.5444564819336,99.5045318603516
"154","DNK",2022,NA,1.196,53.62,36.848,79.272,75.526,NA,70.115,66.158,NA,NA,NA,NA,NA,NA,1.28394997119904,NA,6.2,3.6,9,NA,NA,NA,NA,NA,7424.03172086469,NA,NA,NA,50.2644291691005,5903037,0.743682017534567,9.9,536495,NA,NA,3.1,1.9,401945576107.963,NA,0.543340027332306,NA,NA,99.5729675292969,100.089302062988
"155","DOM",2018,NA,72.619,76.156,44.197,90.06,79.789,2.51925224689344,74.924,62.71,NA,NA,1.0111,0.941760003566742,0.997340023517609,1.07820999622345,NA,NA,14.2,2.3,5.8,NA,8.17,0.94,4.62428804635877,NA,737.608446387116,NA,NA,0.526039242744446,50.1769421670491,10782053,5.95314205477773,19.848,924714,51.26201,48.73799,31.2,24.1,84994732049.3461,NA,5.28414281866719,NA,105.32338,93.2440124810255,91.6095962354523
"156","DOM",2019,NA,66.982,76.391,46.922,87.158,82.331,2.51925224689344,76.896,64.856,NA,NA,1.0081,0.952229976654053,1.00525999069214,1.08633005619049,NA,12.5757640797339,14.2,2.3,6,8.26,NA,NA,2.57024746988834,98,802.135210955426,NA,NA,NA,50.1891033302234,10894043,3.81572682273033,19.43,940592,NA,NA,30.9,23.8,89146130744.723,NA,3.51153316643604,NA,NA,93.3884736260936,87.5133630407401
"157","DOM",2020,NA,58.852,73.829,42.669,84.116,77.885,2.51925224689344,72.344,59.223,NA,NA,1.005,0.956539988517761,1.00894999504089,1.0854400396347,1.45805766154467,NA,13.6,2.4,6.2,NA,NA,NA,-7.95695112395718,NA,874.015285505091,NA,NA,0.523185312747955,50.2108136587847,11008300,-8.88467221699831,18.957,916659,NA,NA,30.4,23.4,78546672406.8291,NA,3.24463534454626,NA,NA,96.9038426574548,89.1245161015868
"158","DOM",2021,NA,56.058,75.468,42.109,84.067,80.015,2.51925224689344,75.953,64.698,NA,NA,1.003,0.970000028610229,1.02252995967865,1.09630000591278,1.48750745528204,NA,12.9,2.6,6.6,NA,NA,NA,6.39714219256295,NA,1010.30819167382,NA,NA,NA,50.2383157926533,11123476,12.8319080410071,18.571,864097,NA,NA,29.8,22.9,94850719516.7127,NA,9.48687002910311,NA,NA,88.9884694899721,74.8802600068423
"159","DOM",2022,NA,53.582,73.918,42.281,88.132,78.825,NA,76.335,65.456,NA,NA,1.0081,NA,NA,NA,1.4839847071777,NA,14.3,2.6,6.6,NA,NA,NA,NA,NA,1044.24188901052,NA,NA,NA,50.2595823211555,11230734,4.2328919676722,18.255,870991,NA,NA,29.1,22.3,113478087134.8,NA,5.92410635956167,NA,NA,90.1221256698764,82.2773412796244
"160","DZA",2018,NA,9.495,NA,NA,NA,NA,4.4671956,NA,NA,NA,NA,NA,0.954990029335022,NA,NA,1.40878874500308,NA,NA,NA,NA,NA,NA,NA,-2.06855037516937,NA,781.574390858066,NA,NA,0.552215874195099,48.8888857520056,42505035,-0.546019580108478,24.063,NA,NA,NA,21,15.5,194554483655.528,NA,0.920182295787575,NA,101.50776,101.672912314358,89.6036970655897
"161","DZA",2019,NA,10.328,NA,NA,NA,NA,4.4671956,NA,NA,NA,NA,NA,0.958090007305145,NA,NA,1.40495396731271,12.9844112787695,NA,NA,NA,NA,NA,NA,-1.69946703916061,95.3,729.487634754361,NA,NA,NA,48.9109032096307,43294546,-0.939992962004737,23.379,NA,NA,NA,20.7,15.8,193459662090.677,NA,2.19285286786821,NA,NA,98.0096980496372,86.5674042712
"162","DZA",2020,NA,9.901,NA,NA,NA,NA,4.4671956,NA,NA,NA,NA,NA,0.969200015068054,NA,NA,1.41066011104278,NA,NA,NA,NA,NA,NA,NA,-7.73455967438963,NA,720.674628629797,NA,NA,0.556641519069672,48.9344772481397,44042091,-6.61247509707083,22.43,NA,NA,NA,20.4,15.9,164873415325.201,NA,NA,NA,NA,100.619303259219,NA
"163","DZA",2021,NA,9.343,NA,NA,NA,NA,4.4671956,NA,NA,NA,NA,NA,NA,NA,NA,1.39269876997118,NA,NA,NA,NA,NA,NA,NA,1.94944305454136,NA,685.835007707005,NA,NA,NA,48.9547207051373,44761099,2.13263632683078,21.392,NA,NA,NA,20.2,15.9,186231205262.082,NA,0.735605724856735,NA,NA,98.1464202191436,91.593739578422
"164","DZA",2022,NA,8.977,NA,NA,NA,NA,NA,NA,NA,NA,NA,NA,NA,NA,NA,1.41748589123175,NA,NA,NA,NA,NA,NA,NA,NA,NA,547.320094128401,NA,NA,NA,48.9705213953571,45477389,1.96825188100587,20.491,5501036,NA,NA,20,15.6,225638456572.143,NA,1.56047636944671,NA,NA,95.242036821415,90.3999109921928
"165","EAP",2018,NA,19.5809899855439,NA,NA,NA,NA,2.05432580659514,NA,NA,NA,3.25,1.0010199546814,0.997810006141663,1.00852000713348,1.02260994911194,1.17667996883392,NA,NA,NA,NA,NA,NA,NA,3.55184220870785,NA,667.113615565002,NA,NA,NA,49.2754073256836,2100698838,5.85454857385402,12.8048408487262,143054432,47.87101,52.12899,12.6803994286295,7.97873119661814,16902106236749.5,NA,NA,NA,103.4645,98.3604278564453,89.5861587524414
"166","EAP",2019,NA,18.5469803749391,NA,NA,NA,NA,2.05321335268167,NA,NA,NA,3.32142857142857,1.00118005275726,0.99795001745224,1.00861001014709,1.02219998836517,1.17811000347137,8.18824944112887,NA,NA,NA,NA,NA,NA,4.00908854707063,97.4697082052845,739.716075772035,NA,NA,NA,49.2914314615192,2112289891,5.30475220317894,12.3838921790286,145712752,NA,NA,12.3823972395839,7.76216251277997,17503362758566.8,1.919853449,NA,56.95116043,NA,97.439697265625,92.5320892333984
"167","EAP",2020,NA,17.0343022026264,NA,NA,NA,NA,2.03875224598561,NA,NA,NA,3.35714285714286,1.00083994865418,0.99686998128891,1.00701999664307,1.01946997642517,1.16197001934051,NA,NA,NA,NA,NA,NA,NA,-0.69764696075238,NA,802.570905720893,NA,NA,NA,49.31227190625,2121866294,0.887897595396666,10.9968752236907,148612992,NA,NA,12.5869944722223,7.92311959728962,17805361735240.5,NA,NA,NA,NA,95.1044311523438,94.7883529663086
"168","EAP",2021,NA,16.2911100176358,NA,NA,NA,NA,2.01343176119066,NA,NA,NA,3.28571428571429,1.00100004673004,NA,NA,NA,1.15050005912781,NA,NA,NA,NA,NA,NA,NA,5.88483066563985,NA,878.114612619418,NA,NA,NA,49.3366416668971,2128553744,7.38136662745204,10.1981100369895,151936384,NA,NA,12.547202398466,7.88587557892555,21231549654292.7,NA,NA,NA,NA,96.0251998901367,96.5857315063477
"169","EAP",2022,NA,15.8518617131606,NA,NA,NA,NA,NA,NA,NA,NA,3.28571428571429,1.00125002861023,NA,NA,NA,1.13980996608734,NA,NA,NA,NA,NA,NA,NA,NA,NA,941.889121989527,NA,NA,NA,49.362180336432,2133560408,3.30239294503481,9.63847112856389,155437472,NA,NA,12.506974447304,7.87943775710874,21563623056097.7,NA,NA,NA,NA,95.4223022460938,97.0792694091797
"170","EAR",2018,NA,36.5754833808231,73.4106940793164,29.3691063787725,82.6959657001302,52.6912013052207,3.85588601229055,68.2096471077298,51.0012315947891,NA,3.39655172413793,0.972940027713776,0.988210022449493,1.00275003910065,1.01769995689392,1.06497001647949,NA,NA,NA,NA,NA,NA,NA,1.24588033231583,NA,406.782272315776,NA,NA,NA,49.2065217838203,3314245247,2.58203758654834,20.2311354690886,300256672,48.43648,51.56352,30.2298481709763,20.9550410387283,11652111473280.5,NA,NA,NA,104.9265,90.6231079101562,79.1769409179688
"171","EAR",2019,NA,35.6045210912706,74.1518123013901,31.766677336497,83.5651062085065,54.6371614324731,3.85648206096632,69.9902267560163,52.5390838123963,NA,3.43103448275862,0.97163999080658,0.990989983081818,1.00501000881195,1.01930999755859,1.08509004116058,23.1919634499395,NA,NA,NA,NA,NA,NA,1.0172458512837,87.315940884514,413.408518998416,NA,NA,NA,49.2210732364646,3355014793,1.14300021954961,19.7367851968491,302597952,NA,NA,29.2451526731132,20.2761699715434,11887904124496.5,NA,NA,NA,NA,90.5305480957031,78.9489288330078
"172","EAR",2020,NA,34.674164403642,73.1638814338222,30.0863859502304,83.124516493047,51.3851612007608,3.84257481914979,69.5380254621701,51.7580022656248,NA,3.48275862068966,0.974370002746582,0.991129994392395,1.00110995769501,1.01084005832672,1.09482002258301,NA,NA,NA,NA,NA,NA,NA,-6.41542010677009,NA,434.556419143378,NA,NA,NA,49.2308734066906,3396051187,-5.37272464439869,19.2516149531206,308405440,NA,NA,28.2962304261502,19.6466981429221,11039712538107.1,NA,NA,NA,NA,91.656867980957,80.6777801513672
"173","EAR",2021,NA,34.0762667289013,73.4716317617819,33.9071878171058,83.6320006247356,54.8394581881246,3.89471495742473,69.1858994633526,52.4482975763035,NA,3.43103448275862,0.976909995079041,NA,NA,NA,1.09587001800537,NA,NA,NA,NA,NA,NA,NA,5.80108122645969,NA,480.142327387271,NA,NA,NA,49.2501665037045,3432026092,6.37958569759027,18.981941767367,315647712,NA,NA,27.3828551047971,19.0228110987276,12923331307987.7,NA,NA,NA,NA,91.7577285766602,80.7687072753906
"174","EAR",2022,NA,33.6280667020435,73.2836502076568,35.4421961928002,84.3070290302339,54.5606364660482,NA,70.5721916026367,53.8523505479168,NA,3.43103448275862,0.979470014572144,NA,NA,NA,1.09232997894287,NA,NA,NA,NA,NA,NA,NA,NA,NA,496.720379698234,NA,NA,NA,49.2636854737057,3470644834,4.78114874495445,18.7811907615742,320030272,NA,NA,26.5516744711551,18.4257180690229,14274765147164.7,NA,NA,NA,NA,97.2710876464844,80.7904815673828
"175","EAS",2018,NA,18.2119285322282,NA,NA,NA,NA,2.50733483514402,NA,NA,NA,3.25,1.00112998485565,0.997959971427917,1.00795996189117,1.02074003219604,1.15635001659393,NA,NA,NA,NA,NA,NA,NA,2.22170248437379,NA,1003.84191623984,NA,NA,NA,49.4305237612888,2347576325,4.15492194506857,12.2896392340449,156403392,47.87706,52.12294,12.1,7.6,26749413596913.5,NA,NA,NA,103.4874,98.29345703125,89.6110305786133
"176","EAS",2019,NA,17.2613936526674,NA,NA,NA,NA,2.49461664666888,NA,NA,NA,3.32142857142857,1.00116002559662,0.998080015182495,1.00794994831085,1.02023005485535,1.15980994701385,8.42032221655974,NA,NA,NA,NA,16.84,4.44,2.47327960741961,97.4697082052845,1089.05790734172,NA,NA,NA,49.4457122353908,2359771090,3.50605470845468,11.8748945711959,158996608,NA,NA,11.8,7.4,27322078215458.3,1.909938455,NA,47.56265259,NA,97.4492034912109,92.4382781982422
"177","EAS",2020,NA,15.8789411190156,NA,NA,NA,NA,2.47736966235147,NA,NA,NA,3.35714285714286,1.0008499622345,0.996999979019165,1.00663995742798,1.01823997497559,1.14735996723175,NA,NA,NA,NA,NA,NA,NA,-1.92918314418696,NA,1163.84701855458,NA,NA,NA,49.4659442474037,2369438682,-0.461919730976661,10.5938069971152,161696736,NA,NA,12,7.5,27474338351594.1,NA,NA,NA,NA,95.3256988525391,94.5848388671875
"178","EAS",2021,NA,15.1972253398073,NA,NA,NA,NA,2.44695176040126,NA,NA,NA,3.28571428571429,1.00100004673004,NA,NA,NA,1.13873994350433,NA,NA,NA,NA,NA,NA,NA,4.2920251323751,NA,1263.33305061164,NA,NA,NA,49.4892607931662,2375144416,6.08427926511676,9.86543090873216,164975184,NA,NA,11.9,7.5,31548481959790.6,NA,NA,NA,NA,96.2008438110352,96.2325897216797
"179","EAS",2022,NA,14.800342911115,NA,NA,NA,NA,NA,NA,NA,NA,3.28571428571429,1.00126004219055,NA,NA,NA,1.13014996051788,NA,NA,NA,NA,NA,NA,NA,NA,NA,1360.81715264209,NA,NA,NA,49.5124781430712,2379648196,2.79554932606712,9.33085608981127,168397600,NA,NA,11.8,7.4,31135994741903.4,NA,NA,NA,NA,95.5316467285156,96.7474670410156
"180","ECA",2018,NA,23.0251611261967,57.4779575650702,30.255854544237,83.147339357472,70.8007343573302,3.76314444549377,75.6764764241366,64.1780595806226,NA,4.1,0.99931001663208,0.993879973888397,0.985979974269867,0.981190025806427,0.978860020637512,NA,NA,NA,NA,NA,NA,NA,NA,NA,872.404171357682,NA,NA,NA,51.2144735256593,246659127,2.60562661599855,16.058555088817,25500930,48.09481,51.90519,12.73597911055,8.1829221053557,1468176796062.36,NA,NA,NA,98.76142,93.3480911254883,92.7738494873047
"181","ECA",2019,NA,21.8942718988782,NA,NA,NA,NA,4.03474790607973,NA,NA,NA,4.1,0.99975997209549,0.994360029697418,0.984489977359772,0.978450000286102,1.00894999504089,5.02979284818316,NA,NA,NA,NA,NA,NA,NA,NA,924.549822105693,NA,NA,NA,51.1872086920705,248863066,1.40045991358137,15.7220082512123,25820598,NA,NA,12.463226083948,8.02243748873822,1498314108819.45,3.482087612,NA,5.416040897,NA,96.0190505981445,93.3926162719727
"182","ECA",2020,NA,20.2215549096481,47.4486071684234,23.3706843873338,79.7577046172768,66.3852448539054,4.06220592072302,72.2972593577086,59.4456649408017,NA,4.125,0.999920010566711,0.993229985237122,0.986159980297089,0.981809973716736,1.0244300365448,NA,NA,NA,NA,NA,NA,NA,NA,NA,1015.90912651478,NA,NA,NA,51.169826542271,250660609,-0.424214114963902,15.3698038555152,26023096,NA,NA,12.1551526460306,7.83657252864618,1437141951950.75,NA,NA,NA,NA,97.4799499511719,106.010513305664
"183","ECA",2021,NA,20.4276226496616,NA,NA,NA,NA,4.06339686129665,NA,NA,NA,4.125,1.00004005432129,NA,NA,NA,1.04514002799988,NA,NA,NA,NA,NA,NA,NA,NA,NA,1143.17448827864,NA,NA,NA,51.1579329952886,252189631,8.38363112220716,15.1808890530912,26483622,NA,NA,11.9176977604447,7.65849058049997,1670340539745.28,NA,NA,NA,NA,97.6644897460938,91.3332672119141
"184","ECA",2022,NA,19.4679022865976,NA,NA,NA,NA,NA,NA,NA,NA,4.125,1.00015997886658,NA,NA,NA,1.05526995658874,NA,NA,NA,NA,NA,NA,NA,NA,NA,1165.77990662657,NA,NA,NA,51.12857650795,250840400,3.66042450315351,14.6244314867262,27372380,NA,NA,11.7494303786583,7.54619347723503,1817993344339.27,NA,NA,NA,NA,97.3193435668945,91.055419921875
"185","ECS",2018,NA,14.6201951918779,49.0619016364124,29.1844700492332,79.4947548121034,72.9146729123467,4.64218625139936,73.4573903309458,66.1970452733214,NA,4.1,0.999809980392456,0.995260000228882,0.99260002374649,0.990840017795563,1.12809002399445,NA,NA,NA,NA,NA,NA,NA,1.60093633474838,NA,3017.7527646262,NA,NA,NA,51.5081095552264,918947897,1.71777589801263,11.6099049789446,78919064,48.34191,51.65809,7.2,4.7,23306977599232,NA,NA,NA,96.57803,95.9390411376953,91.4172134399414
"186","ECS",2019,NA,13.6947716803422,48.8012678216086,28.8789316632379,79.1994507783861,72.9041771448609,4.64550209972464,72.7919629655205,65.533157417148,NA,4.1,0.999899983406067,0.996810019016266,0.992519974708557,0.989679992198944,1.13777005672455,5.29193331732098,NA,NA,NA,NA,7.9,1.29,1.19620765510568,NA,3267.91144370393,NA,NA,NA,51.4864818218203,922218554,1.49557920155348,11.2858358785167,79438512,NA,NA,7,4.6,23032792622187.5,2.967663527,NA,3.99275279,NA,97.1923522949219,91.7689666748047
"187","ECS",2020,NA,12.7103682636818,46.327823675085,27.5646497093385,78.5178508165323,71.7965107595593,4.65163632360633,71.5439853832521,63.8631087195596,NA,4.125,1.00009000301361,0.996779978275299,0.99439001083374,0.992850005626678,1.14505004882812,NA,NA,NA,NA,NA,NA,NA,-6.51857280094156,NA,3614.23859267241,NA,NA,NA,51.4715592427654,923973838,-5.58758271845758,11.0123156423526,80155768,NA,NA,6.9,4.5,22287615625568.5,NA,NA,NA,NA,97.5792465209961,96.2970275878906
"188","ECS",2021,NA,12.4283533298546,47.4987881412625,28.2166768373016,78.8348797427803,72.594368155986,4.66011499979382,71.6501975230233,64.3020914528079,NA,4.125,0.999890029430389,NA,NA,NA,1.15374004840851,NA,NA,NA,NA,NA,NA,NA,4.99183161130648,NA,3944.74383405018,NA,NA,NA,51.4600073973132,924702975,6.68223815052622,10.977099738443,81051736,NA,NA,6.7,4.3,25513859723979.1,NA,NA,NA,NA,97.9062728881836,91.7353134155273
"189","ECS",2022,NA,11.849824313537,47.7721717532291,27.9789440141252,81.2225381705844,76.2144804671913,NA,70.8128000216584,63.332135733377,NA,4.125,0.999899983406067,NA,NA,NA,1.1598299741745,NA,NA,NA,NA,NA,NA,NA,NA,NA,4279.70194753791,NA,NA,NA,51.4462882873461,925061269,3.26114614772823,10.4465186846213,82590600,NA,NA,6.6,4.2,25700849227224.3,NA,NA,NA,NA,97.6380386352539,92.0364685058594
"190","ECU",2018,NA,72.494,75.066,48.889,84.208,75.302,4.19219738045457,84.093,69.484,NA,NA,1.002,1.01642000675201,1.02191996574402,1.02759003639221,1.12608065820068,NA,19.2,1.6,4.6,NA,NA,NA,-4.62877601494392,NA,928.478192742189,NA,86.7,0.61447948217392,50.041851551833,17049547,-0.674558960176682,17.523,1871037,49.67034,50.32966,11.9,6.9,107478961000,NA,NA,NA,106.59538,99.0626848939682,92.209110597037
"191","ECU",2019,NA,67.976,74.179,48.331,82.74,74.592,4.23589694386365,83.312,69.262,NA,NA,1.0061,1.02144002914429,1.02401995658875,1.02665996551514,1.1403573649154,12.3367929690456,20.3,1.6,4.5,6.18,NA,NA,-0.898456412436133,NA,922.836079148773,NA,NA,NA,50.047012627781,17340021,-1.51253154807527,16.924,1859694,NA,NA,11.7,7,107595830000,NA,NA,NA,NA,96.3903734978079,91.9505101789323
"192","ECU",2020,NA,62.63,NA,NA,NA,NA,4.15336059540831,NA,NA,NA,NA,1.00999999046326,1.02111995220184,1.02296996116638,1.02479004859924,1.19524172751668,NA,20.1,1.3,4.1,NA,NA,NA,-6.1570912772151,NA,916.436299103875,NA,NA,0.612971484661102,50.0742702138628,17546065,-10.3108339169142,16.391,1862855,NA,NA,11.5,7.1,95865473000,NA,NA,NA,NA,95.7806250508566,99.1251619783367
"193","ECU",2021,NA,58.609,74.331,48.292,81.814,72.758,3.62495513358704,83.893,69.522,NA,NA,1.00999999046326,1.01957535743713,NA,NA,NA,NA,18.4,1.6,4.6,NA,NA,NA,0.290863454272625,NA,984.031132819934,NA,NA,NA,50.111178007306,17682454,8.57789544186942,15.882,1866002,NA,NA,11.3,7.2,107179074000,NA,0.185076106163915,NA,NA,94.7049629987635,99.9675565732254
"194","ECU",2022,NA,56.981,73.022,48.624,82.665,74.089,NA,84.662,70.661,NA,NA,1,NA,NA,NA,1.20420282406767,NA,19.8,1.7,4.7,NA,NA,NA,NA,NA,989.048695324705,NA,NA,NA,50.1297359309395,17823897,5.0282959697896,15.423,1846625,NA,NA,11.2,7.2,116133121000,NA,NA,NA,NA,100.747227974189,95.0487913410255
"195","EMU",2018,NA,6.49353734306495,47.3000130346859,28.4698639868814,77.3241209116116,75.8334257352009,4.52342089052068,69.1545635322489,64.2138551322219,NA,NA,NA,0.995869994163513,0.995019972324371,0.99456000328064,1.16302001476288,NA,NA,NA,NA,NA,NA,NA,1.44370099872214,NA,4773.74898231161,NA,NA,NA,51.1074942302984,345864630,1.46024083700208,9.27797304012555,28523026,48.32282,51.67718,3.12113123920241,2.27201762140723,13868034531052.8,NA,NA,NA,97.93246,96.9297866821289,85.4654693603516
"196","EMU",2019,NA,6.1236077186348,47.1491054117394,28.3571896174872,77.3970042155515,75.9146780415276,4.49280805755127,68.9520254214551,64.0167466871481,NA,NA,NA,0.999000012874603,0.997009992599487,0.995809972286224,1.16570997238159,5.73136079852631,NA,NA,NA,NA,NA,NA,1.13880610809029,NA,5174.64727496388,NA,NA,NA,51.0867732072896,346496601,1.44220328151744,9.10207545699417,28504574,NA,NA,3.06109921374487,2.24596997619241,13587001830079.4,NA,NA,NA,NA,97.4585418701172,85.1661529541016
"197","EMU",2020,NA,5.61334901289108,45.820023834753,27.5200090478916,76.6664179873807,74.7781743601351,4.5000169376945,67.0493821646019,62.0109036490944,NA,NA,NA,1.00113999843597,0.999379992485046,0.998350024223328,1.18040001392365,NA,NA,NA,NA,NA,NA,NA,-7.83025562104658,NA,5506.07241487642,NA,NA,NA,51.0727176053191,346986142,-6.17894437059564,8.88483470493758,28479356,NA,NA,3.03698022817174,2.23915087234433,13266853301191.7,NA,NA,NA,NA,97.1829681396484,85.3343963623047
"198","EMU",2021,NA,5.17672438560885,46.153929374875,27.9466536701859,77.1010972487239,75.7264706121408,4.49761959494139,67.5465923457055,62.6027059654226,NA,NA,NA,NA,NA,NA,1.18884003162384,NA,NA,NA,NA,NA,NA,NA,5.60359974902873,NA,6057.10700414581,NA,NA,NA,51.0635442041593,347207191,6.29073446266037,9.00505843965657,28628330,NA,NA,3.05787567846989,2.21933442103903,14918539971043.3,NA,NA,NA,NA,97.6147384643555,85.8971099853516
"199","EMU",2022,NA,4.7302993494925,47.055600292435,28.828800578689,77.2479670375397,75.8415315298016,NA,67.9749815724209,63.0719562391174,NA,NA,NA,NA,NA,NA,1.19717001914978,NA,NA,NA,NA,NA,NA,NA,NA,NA,6379.87451193468,NA,NA,NA,51.0558548723533,348700885,3.09961701811203,8.58589108645365,28766124,NA,NA,3.02990230182414,2.2234225365051,14452407617089.9,NA,NA,NA,NA,96.958137512207,84.8515625
"200","ESP",2018,NA,6.243,57.517,38.571,80.473,79.804,3.96263706129048,70.131,65.8,NA,NA,1,1.01365995407104,1.01686000823975,1.01873004436493,1.17788004875183,NA,15.7,2.1,6.2,23.07,7.06,1.06,1.92284669210478,NA,3674.86461912356,NA,NA,0.750937700271606,50.8713355693854,46782011,1.93406292039191,7.9,3371069,NA,NA,2.7,1.9,1431642809327.06,NA,2.24458003044128,NA,NA,96.2591018676758,92.7739868164062
"201","ESP",2019,NA,5.867,56.215,38.361,79.923,78.938,4.00270138832438,70.807,66.127,NA,NA,NA,1.01298999786377,1.02180004119873,1.02888000011444,1.18435001373291,5.61044466480471,15.9,2,6.2,NA,7.87,1.12,1.25989001572356,NA,4012.39781031228,NA,NA,NA,50.8811298835601,47118501,1.23303741249605,7.6,3421868,NA,NA,2.6,1.8,1403496387686.27,NA,1.89658999443054,NA,NA,97.2381820678711,92.8624420166016
"202","ESP",2020,NA,5.23,54.217,35.871,79.079,78.373,4.00270138832438,67.631,62.621,NA,NA,1,1.01031005382538,1.02069997787476,1.02936005592346,1.20201003551483,NA,16.5,1.9,6,NA,NA,NA,-13.401379197211,NA,4184.93431530374,NA,NA,0.740165054798126,50.8861294447571,47359424,-11.3931290455953,7.2,3472600,NA,NA,2.6,1.8,1289783836971.21,NA,1.70162999629974,NA,NA,96.5362014770508,92.9754333496094
"203","ESP",2021,NA,4.702,53.668,35.968,78.72,78.359,4.00270138832438,67.792,63.365,NA,NA,1,NA,NA,NA,1.21069002151489,NA,15.4,2.2,6.4,NA,NA,NA,5.68470290809545,NA,4498.30542803512,NA,NA,NA,50.8900798130739,47443821,6.49336738803039,7.1,3607350,NA,NA,2.6,1.8,1461244901852.69,2.29206085205078,1.76487994194031,4.45235347747802,NA,99.1389312744141,96.5616912841797
"204","ESP",2022,NA,4.776,54.046,35.63,78.572,78.662,NA,68.357,63.934,NA,NA,NA,NA,NA,NA,1.21847999095917,NA,14.6,2.3,6.6,NA,NA,NA,NA,NA,4775.66258007833,NA,NA,NA,50.8960192110195,47786102,5.41877389170267,6.9,3636851,NA,NA,2.6,1.7,1446498147749.03,NA,1.69675004482269,NA,NA,98.696533203125,93.1581268310547
"205","EST",2018,NA,9.298,51.986,37.684,87.604,78.31,4.72428757882264,81.479,75.1,NA,NA,NA,1.0025999546051,1.01576995849609,1.02867996692657,1.32591998577118,NA,9.9,3.1,8.1,21.77,NA,NA,4.69062493812859,NA,2441.55627685688,NA,NA,0.80621862411499,52.8419436218054,1321977,3.33940936378892,10.9,84017.25,NA,NA,2,1.2,31222632740.7247,NA,2.28914999961853,NA,NA,96.8126907348633,98.560920715332
"206","EST",2019,NA,8.383,47.423,35.118,87.94,78.877,4.76068470960549,80.989,74.729,NA,NA,NA,1.00777995586395,1.02198994159698,1.03623998165131,1.32676994800568,3.58259932872953,9.3,3,8.1,NA,NA,NA,3.05139039548756,NA,2702.26654885985,NA,NA,NA,52.7075975526484,1326898,3.3419636171697,10.6,86033.328125,NA,NA,1.9,1.2,31873748770.0313,NA,2.17494010925293,NA,NA,97.1564712524414,101.133422851562
"207","EST",2020,NA,7.255,48.246,30.28,86.912,78.929,4.76068470960549,80.708,74.826,NA,NA,NA,1.00202000141144,1.02414000034332,1.04681003093719,1.33736002445221,NA,9.2,3,8.1,NA,NA,NA,-4.9526378909184,NA,3040.18656628156,NA,NA,0.810546338558197,52.6197121238444,1329522,-3.07548007766944,9.9,88533.4140625,NA,NA,1.8,1.1,31820771493.8974,NA,2.18506002426148,NA,NA,95.94140625,97.8899078369141
"208","EST",2021,NA,6.368,43.683,23.938,82.255,73.442,4.76068470960549,74.638,67.059,NA,NA,NA,NA,NA,NA,1.34328997135162,NA,8.7,3.1,8.1,NA,NA,NA,8.78527798574611,NA,3371.09858019346,NA,NA,NA,52.5768349915525,1330932,7.04092648533006,10,92522.03125,NA,NA,1.8,1.1,37204563051.4723,NA,2.06229996681213,NA,NA,98.197021484375,98.9143524169922
"209","EST",2022,NA,5.344,46.023,26.529,80.612,75.665,NA,77.235,69.336,NA,NA,NA,NA,NA,NA,1.3450700044632,NA,10.1,2.8,7.7,NA,NA,NA,NA,NA,3408.60264809922,NA,NA,NA,52.5417527101857,1348840,-1.26803111695693,8.6,95689.3359375,NA,NA,1.7,1,38376046174.971,NA,1.78609001636505,NA,NA,98.257568359375,99.7249221801758
"210","EUU",2018,NA,8.87778801924285,47.2453804089617,28.3539401009138,78.5437408551811,76.1378120352308,4.61283862596092,69.753482548163,63.9845549501175,NA,NA,NA,0.996240019798279,0.99848997592926,1.0001699924469,1.19119000434876,NA,NA,NA,NA,NA,NA,NA,1.7638716752729,NA,4296.09564396883,NA,NA,NA,51.1393887862762,446329890,1.8233708227545,9.51211655861318,35924464,48.57699,51.42301,3.34760221362294,2.35614006930946,16092154353714.7,NA,NA,NA,93.60495,96.3354187011719,87.610969543457
"211","EUU",2019,NA,8.36274668069176,47.295924946513,28.2877896010296,78.6163674683747,76.2031692704223,4.594695253296,69.6260038542499,63.7541659663528,NA,NA,NA,0.998650014400482,0.999880015850067,1.00082004070282,1.19421994686127,5.55195008480708,NA,NA,NA,NA,NA,NA,1.57157592733515,NA,4669.61764259878,NA,NA,NA,51.1182576750512,446910453,1.74481413787839,9.33303736955555,35856652,NA,NA,3.25836400565364,2.31233336118973,15809298345792.2,NA,NA,NA,NA,96.6934432983398,87.6899795532227
"212","EUU",2020,NA,7.75239458777,46.3203051015305,27.4542262101941,77.9263662374675,75.1771254561729,4.60766361705692,68.0876081927484,62.071902381317,NA,NA,NA,0.999610006809235,1.00203001499176,1.0037100315094,1.20489001274109,NA,NA,NA,NA,NA,NA,NA,-6.84495572259375,NA,4987.70457376969,NA,NA,NA,51.1050670158227,446870959,-5.5650875600696,9.11715675547849,36861564,NA,NA,3.21949239060874,2.28881962102582,15505708717748.9,NA,NA,NA,NA,96.5721435546875,88.6638488769531
"213","EUU",2021,NA,7.21085909480265,45.9603768477108,27.2886013050507,78.2893651562663,76.043585006145,4.6091648760753,68.2314993052358,62.3413837391154,NA,NA,NA,NA,NA,NA,1.2121399641037,NA,NA,NA,NA,NA,NA,NA,5.70835483921448,NA,5507.39965806851,NA,NA,NA,51.0993186435134,446227358,6.51053648957918,9.17631889285462,36941588,NA,NA,3.21384433385185,2.26029397741293,17498522970845.2,NA,NA,NA,NA,97.1752014160156,89.2088165283203
"214","EUU",2022,NA,6.82170364677456,46.7044047420567,28.1947543412306,78.4505906810571,76.2709840919531,NA,68.5459999590177,62.7300725708883,NA,NA,NA,NA,NA,NA,1.2209700345993,NA,NA,NA,NA,NA,NA,NA,NA,NA,5794.74193195108,NA,NA,NA,51.0938060519697,447703403,3.15093790477398,8.68766882024348,37174640,NA,NA,3.18683214828156,2.25154933844231,16996087955139.8,NA,NA,NA,NA,96.6637573242188,89.8596725463867
"215","FCS",2018,NA,89.5304474938238,NA,NA,NA,NA,2.69603904079056,NA,NA,NA,2.82258064516129,0.892859995365143,0.916530013084412,0.904120028018951,0.876739978790283,0.914460003376007,NA,NA,NA,NA,NA,NA,NA,NA,NA,198.03442796053,NA,NA,NA,50.1423805787753,951851595,0.523240519871536,32.8100414072448,56656864,44.22324,55.77676,52.3495271634906,29.6544709457908,1735522724126.93,NA,NA,NA,110.0383,64.5589828491211,41.6166305541992
"216","FCS",2019,NA,87.7444344010245,NA,NA,NA,NA,2.67567595309146,NA,NA,NA,2.828125,0.896099984645844,0.914680004119873,0.902559995651245,0.875940024852753,0.907959997653961,45.015543795661,NA,NA,NA,NA,NA,NA,NA,75.5166474079939,194.954865458167,NA,NA,NA,50.1374589904168,973035228,0.0862238486017901,32.4239619593516,58846824,NA,NA,51.0904174534603,29.1503924606986,1842814574762.83,NA,NA,NA,NA,65.1317596435547,42.031078338623
"217","FCS",2020,NA,86.1461977449049,NA,NA,NA,NA,2.67835629432865,NA,NA,NA,2.875,0.896920025348663,0.913860023021698,NA,NA,NA,NA,NA,NA,NA,NA,NA,NA,NA,NA,200.613418796181,NA,NA,NA,50.1334776144989,994901090,-7.11051082000364,32.010357519362,61671652,NA,NA,49.4971960235411,28.6751377767523,1676505788095.81,NA,NA,NA,NA,65.6487808227539,42.3322486877441
"218","FCS",2021,NA,85.1906362403995,NA,NA,NA,NA,2.79052069181225,NA,NA,NA,2.87096774193548,0.900179982185364,NA,NA,NA,NA,NA,NA,NA,NA,NA,NA,NA,NA,NA,218.727047825252,NA,NA,NA,50.1289351660132,1016906998,0.223556596159398,31.7803609609863,64047928,NA,NA,48.4897828488366,28.2126851959324,1787068023408.49,NA,NA,NA,NA,66.0399780273438,42.4273414611816
"219","FCS",2022,NA,84.266369756939,NA,NA,NA,NA,NA,NA,NA,NA,2.828125,0.903450012207031,NA,NA,NA,NA,NA,NA,NA,NA,NA,NA,NA,NA,NA,185.834614942233,NA,NA,NA,50.1166870769137,1036390026,-0.663208703411172,31.546689024816,65859496,NA,NA,48.5154059942791,27.7795514354297,1967015531216.77,NA,NA,NA,NA,65.4468688964844,42.284309387207
"220","FIN",2018,NA,4.372,34.93,21.725,75.403,74.352,5.71745608874537,71.279,65.726,NA,NA,NA,0.994700014591217,1.05789995193481,1.10361003875732,1.16006004810333,NA,6.8,3.8,9.3,38,NA,NA,1.58775883534501,NA,4484.34879202747,NA,NA,0.844707667827606,50.6625859789907,5515525,1.05884315705418,8.6,546469,NA,NA,1.9,1.4,273869255596.078,NA,1.67368996143341,NA,NA,99.5932312011719,100.134651184082
"221","FIN",2019,NA,4.048,33.81,21.295,74.563,73.143,5.71727574434593,71.506,66.117,NA,NA,NA,0.994539976119995,1.05174994468689,1.09565997123718,1.17170000076294,1.42416707005328,7.2,3.8,9.2,NA,NA,NA,0.619697735907437,NA,4821.26714325924,NA,NA,NA,50.6342453555108,5521606,1.23812097519217,8.3,514823,NA,NA,1.9,1.4,267014821129.411,NA,1.90952003002167,NA,NA,99.3693237304688,99.7002792358398
"222","FIN",2020,NA,3.799,33.976,20.668,74.847,73.471,5.71727574434593,69.723,64.475,NA,NA,NA,0.997009992599487,1.05539000034332,1.10054004192352,1.19628000259399,NA,6.6,3.9,9.5,NA,NA,NA,-1.23000802956454,NA,5169.58228610612,NA,NA,0.830132901668549,50.6098800422163,5529543,-2.63099855258851,8.4,513900,NA,NA,1.8,1.4,270000311606.226,NA,1.62623000144958,NA,NA,98.9040298461914,99.775749206543
"223","FIN",2021,NA,3.748,34.429,22.314,76.197,75.151,5.71727574434593,72.203,65.224,NA,NA,NA,NA,NA,NA,1.20285999774933,NA,6.7,3.8,9.3,NA,NA,NA,3.73897949789652,NA,5683.23826037935,NA,NA,NA,50.5779202450932,5541017,2.46373050011893,9,520297,NA,NA,1.8,1.3,294223210496.119,1.17597198486328,1.38725996017456,2.44326591491699,NA,99.4299774169922,99.4343185424805
"224","FIN",2022,NA,3.221,35.939,25.534,75.628,72.845,NA,71.423,66.77,NA,NA,NA,NA,NA,NA,1.22125995159149,NA,6.3,3.8,9.3,NA,NA,NA,NA,NA,6048.38056451399,NA,NA,NA,50.5681415201446,5556106,0.489394588644501,8.1,533496,NA,NA,1.8,1.3,280253099309.34,NA,2.02835011482239,NA,NA,98.1308364868164,99.6646575927734
"225","FJI",2018,NA,21.827,NA,NA,NA,NA,3.95506627050267,NA,NA,NA,NA,NA,0.972866714000702,1.01970732212067,1.06948900222778,1.13918828094044,NA,NA,NA,NA,NA,NA,NA,NA,NA,560.788227467767,NA,NA,NA,50.1639808979699,917180,3.99107263181901,19.601,103088,NA,NA,19.2,11.3,5581425327.44397,NA,NA,NA,NA,100.58399175541,96.3558683086202
"226","FJI",2019,NA,22.047,NA,NA,NA,NA,3.95506627050267,NA,NA,NA,NA,NA,0.962800025939941,NA,0.750596046447754,1.19240599262428,9.350539618217,9.6,3.5,8.4,NA,NA,NA,NA,NA,593.391264766186,NA,NA,NA,50.2422671792187,914899,-0.334080464484003,19.226,103039,NA,NA,20.6,12.6,5444407198.13478,NA,NA,NA,NA,100.068313598633,98.3895131086142
"227","FJI",2020,NA,21.695,NA,NA,NA,NA,3.95506627050267,NA,NA,NA,4,NA,0.967497706413269,1.01709544658661,1.07177925109863,1.21870335443168,NA,NA,NA,NA,NA,NA,NA,NA,NA,615.992018904679,NA,NA,0.532201945781708,50.306897991392,914963,-17.0444703649384,18.828,104234,NA,NA,21.9,13.7,4432466219.87685,NA,NA,NA,NA,98.8886337280273,95.4161529541016
"228","FJI",2021,NA,21.553,NA,NA,NA,NA,3.95506627050267,NA,NA,NA,4,1.03036725521088,0.964780807495117,1.0168958902359,1.0728657245636,1.23377449626397,NA,NA,NA,NA,NA,NA,NA,NA,97.7,815.663849781364,NA,61.6,NA,50.354255594184,916711,-5.06241064085296,18.55,106872,NA,NA,22.9,14.4,4305031649.74189,NA,NA,NA,NA,112.766206412357,100.918554807104
"229","FJI",2022,NA,21.271,NA,NA,NA,NA,NA,NA,NA,NA,4,NA,NA,NA,NA,1.29382378581321,NA,NA,NA,NA,NA,NA,NA,NA,NA,593.221923817553,NA,NA,NA,50.37458316203,919422,19.4395068591977,18.242,109072,NA,NA,23.5,14.8,4969503549.32096,NA,NA,NA,NA,110.819788824297,102.400960384154
"230","FSM",2018,NA,46.866,NA,NA,NA,NA,23.62883,NA,NA,NA,2.5,NA,0.963387906551361,NA,NA,NA,NA,NA,NA,NA,NA,NA,NA,NA,NA,372.389816158998,NA,NA,0.481462091207504,50.2229096533527,109909,-0.389413059895006,23.056,NA,NA,NA,24.3,14.2,3.92e+08,NA,2.04872454061064,NA,NA,88.6977918845906,85.8794409153068
"231","FSM",2019,NA,45.7,NA,NA,NA,NA,23.62883,NA,NA,NA,3,NA,0.958769619464874,NA,NA,NA,12.7066300942558,NA,NA,NA,NA,NA,NA,NA,NA,389.815943081032,NA,NA,NA,50.2298631702076,110282,3.72960377273995,22.891,NA,NA,NA,23.6,13.7,3.94e+08,NA,13.3407802581787,NA,NA,85.1190476880747,75.615571290425
"232","FSM",2020,NA,44.646,NA,NA,NA,NA,23.62883,NA,NA,NA,3,NA,0.995851039886475,NA,NA,NA,NA,NA,NA,NA,NA,NA,NA,NA,NA,388.602307761717,NA,NA,0.526513814926147,50.2447776265135,110916,-2.2349952390677,22.693,NA,NA,NA,22.9,13.3,372902690.041619,NA,18.1907299611623,NA,NA,80.3361305908653,76.8976889823766
"233","FSM",2021,NA,44.033,NA,NA,NA,NA,23.62883,NA,NA,NA,3,NA,0.996382057666779,NA,NA,NA,NA,NA,NA,NA,NA,NA,NA,NA,NA,395.20460510033,NA,NA,NA,50.264725643897,111624,2.44577180902085,22.686,NA,NA,NA,22.2,12.9,391601946.963072,NA,17.8491001578181,NA,NA,84.1413306146693,76.0479022683722
"234","FSM",2022,NA,43.998,NA,NA,NA,NA,NA,NA,NA,NA,3,NA,NA,NA,NA,NA,NA,NA,NA,NA,NA,NA,NA,NA,NA,378.227456180427,NA,NA,NA,50.2831964178998,112114,-3.33022071038505,22.509,NA,NA,NA,21.5,12.5,415956896.458884,NA,18.9446724230066,NA,NA,86.3712389044906,79.1208812257254
"235","GBR",2018,NA,12.068,75.851,62.301,87.75,81.43,5.11811656431902,80.33,76.783,NA,NA,NA,0.99711000919342,1.01304996013641,1.02574002742767,1.26071000099182,NA,12.2,2.9,7.4,NA,2.27,0.37,0.339850376019996,NA,4598.77196049542,NA,NA,0.786778211593628,50.8628361719921,66289000,0.911082995353411,11,6173690.5,NA,NA,3.8,2.7,2871340347581.79,NA,0.296050012111664,NA,NA,98.5397262573242,98.1485290527344
"236","GBR",2019,NA,11.064,75.035,62.763,87.426,82.227,5.09641969612617,79.923,76.79,NA,NA,NA,0.997630000114441,1.01142001152039,1.02240002155304,1.25961995124817,8.1567751410004,13,2.9,7.5,NA,2.22,0.46,NA,NA,4982.20198299636,NA,NA,NA,50.8381611837518,66631000,1.10286255995673,10.645,6138912,NA,NA,3.8,2.8,2851407164907.81,NA,NA,NA,NA,100.316749572754,98.3377227783203
"237","GBR",2020,NA,9.701,73.81,60.956,88.413,82.8,5.09641969612617,79.643,76.73,NA,NA,NA,0.997720003128052,1.01242995262146,1.024090051651,1.25161004066467,NA,11.5,3.1,7.7,NA,2.36,0.56,NA,NA,5748.90525719985,NA,NA,0.79137521982193,50.8124059111002,66744000,-10.4487894118636,10.204,6134958,NA,NA,3.9,2.7,2696778386607.65,NA,NA,NA,NA,99.6257705688477,98.1518173217773
"238","GBR",2021,NA,8.578,71.222,60.076,87.932,83.331,5.09641969612617,78.108,75.384,NA,NA,NA,NA,NA,NA,1.25982999801636,NA,11.7,3,7.7,32.21,NA,NA,NA,NA,6327.10508700298,NA,NA,NA,50.7924406275791,66984000,8.18692919398063,10.241,6200752.5,NA,NA,3.9,2.7,3143323050707.26,0.574607849121093,NA,2.20951437950134,NA,99.5143890380859,97.6452178955078
"239","GBR",2022,NA,8.379,65.833,50.133,86.976,82.179,NA,75.967,72.085,NA,NA,NA,NA,NA,NA,1.26981997489929,NA,NA,NA,NA,NA,NA,NA,NA,NA,6449.47247112006,NA,NA,NA,50.7794196703294,67604000,3.87760016588989,10.1,6302652,NA,NA,3.9,2.7,3114042471144.39,NA,NA,NA,NA,100.203536987305,99.3664779663086
"240","GEO",2018,NA,32.988,41.851,31.079,80.272,65.791,1.76,76.961,65.453,NA,NA,1,1.01153004169464,1.01249003410339,1.01428997516632,1.05143229930265,NA,14.6,2.4,6.5,NA,29.99,8.16,7.4055755694542,NA,1019.55841983309,NA,82.4,0.656573116779327,53.4208495877072,3726549,6.10344745087359,14.334,280425,47.28394,52.71606,8.4,5.6,17902544880.6471,NA,NA,NA,102.18349,100.514692120532,103.054123066139
"241","GEO",2019,NA,29.594,42.395,28.675,80.839,65.145,1.76,74.997,64.125,NA,NA,1,1.00773000717163,1.00751996040344,1.00812995433807,1.06400123706677,2.75314406500288,13.8,2.6,6.8,3.93,31,8.68,4.70527924151425,NA,1019.25423997461,NA,NA,NA,53.4265207127304,3720161,5.56167165873158,13.588,282929,NA,NA,8.3,5.4,17638337116.9126,NA,NA,NA,NA,96.7624461517964,116.229483810185
"242","GEO",2020,NA,27.086,41.777,28.491,80.994,65.618,1.76,75.521,64.54,NA,NA,0.999999999999999,1.00504004955292,1.00706994533539,1.00990998744965,1.08413219025215,NA,14,2.7,7,NA,30.67,8.79,-4.01289859879745,NA,1219.41450971762,NA,NA,0.612048208713531,53.4350244053831,3722716,-6.35478715206467,13.053,277770,NA,NA,8.2,5.4,16010869215.68,NA,NA,NA,NA,91.3962695400188,116.886326194399
"243","GEO",2021,NA,25.154,38.066,28.159,61.621,52.309,1.76,61.486,52.274,NA,NA,1,1.00732004642487,1.00573003292084,1.00392997264862,1.09625041560485,NA,13.5,2.7,7,NA,31.41,8.86,7.52598574588362,NA,1407.75661683334,NA,NA,NA,53.4284856792394,3708610,11.0650780067831,12.881,282224,NA,NA,8.2,5.4,18853115588.8106,0.786209106445312,1.59201446043568,8.93418788909912,NA,85.5413964711205,100.361180167925
"244","GEO",2022,NA,21.511,36.19,29.808,63.177,53.528,NA,63.038,54.58,NA,NA,1,NA,NA,NA,1.12127776684186,NA,13.9,2.6,7,NA,NA,NA,NA,NA,1455.66299186592,NA,NA,NA,53.408415340636,3712502,10.8422088053808,11.612,288891,NA,NA,8.1,5.4,24984568959.605,NA,2.9943423173819,NA,NA,109.218954860461,96.4222143111428
"245","GIB",2019,NA,8.689,NA,NA,NA,NA,NA,NA,NA,NA,NA,NA,1.02162003517151,0.990459978580475,0.951640009880066,NA,NA,NA,NA,NA,NA,NA,NA,NA,NA,NA,NA,NA,NA,50.1605905223418,35494,NA,11.975,2157,NA,NA,NA,NA,NA,NA,NA,NA,NA,112.206572769953,99.5555555555556
"246","GIB",2020,NA,8.388,NA,NA,NA,NA,NA,NA,NA,NA,NA,NA,1.09308004379272,1.03998005390167,0.976369976997375,NA,NA,NA,NA,NA,NA,NA,NA,NA,NA,NA,NA,NA,NA,50.1976612390457,36173,NA,11.984,2210,NA,NA,NA,NA,NA,NA,NA,NA,NA,122.897196261682,103.5
"247","GIB",2021,NA,8.283,NA,NA,NA,NA,NA,NA,NA,NA,NA,NA,1.0670599937439,0.998589992523193,0.91839998960495,NA,NA,NA,NA,NA,NA,NA,NA,NA,NA,NA,NA,NA,NA,50.2292520144334,36858,NA,12,2268,NA,NA,NA,NA,NA,NA,NA,NA,NA,106.967213114754,98.5645933014354
"248","GIB",2022,NA,8.477,NA,NA,NA,NA,NA,NA,NA,NA,NA,NA,NA,NA,NA,NA,NA,NA,NA,NA,NA,NA,NA,NA,NA,NA,NA,NA,NA,50.240633890824,37609,NA,12.026,2353,NA,NA,NA,NA,NA,NA,NA,NA,NA,120.388349514563,102.597402597403
"249","GMB",2018,NA,64.859,56.312,49.234,81.005,73.673,2.66,61.847,56.436,NA,3.5,0.889999985694885,1.09420001506805,NA,NA,NA,NA,NA,NA,NA,NA,NA,NA,13.3898335078338,99,67.9757327946499,NA,NA,0.416072845458984,50.2534762607449,2399632,4.66787430455537,32.324,NA,NA,NA,39.7,26.9,1670671327.81651,NA,19.9881938734636,NA,NA,73.3799869644266,NA
"250","GMB",2019,NA,63.374,NA,NA,NA,NA,2.66,NA,NA,NA,3.5,NA,1.10830998420715,NA,NA,NA,52.173129196563,NA,NA,NA,NA,NA,NA,3.60948405258097,NA,69.7534369512076,NA,NA,NA,50.2426895003059,2456844,3.74848295956672,31.921,NA,NA,NA,38.4,26.2,1813609692.49994,NA,15.8299972355609,NA,NA,79.3517723942174,56.4526827830189
"251","GMB",2020,4,61.874,NA,NA,NA,NA,2.66,NA,NA,39.6,3.5,NA,1.11924004554749,NA,NA,NA,NA,12.8,2.6,6.6,2.82,NA,NA,0.937468388193906,97.8,82.2820912679367,26.6,19.5,0.435574263334274,50.2339675021286,2515733,-1.7631871131438,31.525,NA,NA,NA,37.2,25.6,1812170891.19069,NA,13.3269310192119,NA,NA,82.6700154559505,58.3919203454552
"252","GMB",2021,NA,60.503,NA,NA,NA,NA,2.66,NA,NA,NA,3.5,0.870000004768372,1.13089001178741,1.15377998352051,1.17850005626678,NA,NA,NA,NA,NA,NA,NA,NA,-1.60708474625935,NA,75.3541182399843,NA,NA,NA,50.2260860788584,2576010,2.79304588389131,31.171,369783,NA,NA,36,24.9,2014158842.14596,NA,13.8433806747976,NA,NA,85.7232724184569,63.4370360139498
"253","GMB",2022,NA,59.158,NA,NA,NA,NA,NA,NA,NA,NA,3.5,NA,1.12258577346802,NA,NA,NA,NA,NA,NA,NA,NA,NA,NA,NA,NA,88.6905227136226,NA,NA,NA,50.2176394952342,2636470,3.07381401460781,30.771,NA,NA,NA,34.9,24.3,2204734527.12734,NA,13.2436082742933,NA,NA,87.3405329335822,62.1077796593286
"254","GRC",2018,NA,8.566,41.386,21.783,76.453,75.138,3.2076067802607,69.067,59.942,NA,NA,NA,1.00344002246857,0.975350022315979,0.948599994182587,1.00592994689941,NA,13.8,2.7,7.2,14.24,NA,NA,0.874721691355234,NA,2403.1622215565,NA,NA,0.716802716255188,51.6613884238742,10732882,2.27195132202993,8.1,668196,NA,NA,3.6,2.5,213298873494.394,NA,3.33885002136231,NA,NA,97.0700378417969,93.2314300537109
"255","GRC",2019,NA,8.4,38.509,20.715,76.782,74.723,3.13068542427625,68.381,59.712,NA,NA,NA,1.00506997108459,0.976090013980865,0.949490010738373,1.05113995075226,12.8546065898118,13.9,2.5,7,NA,NA,NA,2.78203590193826,NA,2590.84750851167,NA,NA,NA,51.5871977770181,10721582,2.38497557963629,7.8,689298,NA,NA,3.5,2.5,207305649887.019,NA,3.44614005088806,NA,NA,97.976432800293,93.9907073974609
"256","GRC",2020,NA,8.35,36.264,18.996,74.769,74.041,3.13068542427625,66.843,58.4,NA,NA,NA,1.00756001472473,0.980000019073486,0.954909980297089,1.07237994670868,NA,15,2.4,6.7,NA,NA,NA,-9.89556364718347,NA,2765.26291140401,NA,NA,0.71257758140564,51.5375626357031,10698599,-9.00116455331775,7.9,676801,NA,NA,3.4,2.4,191362985554.861,NA,3.89277005195618,NA,NA,97.7479476928711,94.0725173950195
"257","GRC",2021,NA,7.886,37.368,19.805,74.093,73.417,3.13068542427625,67.457,58.199,NA,NA,NA,NA,NA,NA,1.07597005367279,NA,13.8,2.6,7.1,NA,NA,NA,9.84660236202208,NA,3001.57311831743,NA,NA,NA,51.5525360645872,10569207,9.98468495798464,8.1,689666,NA,NA,3.3,2.4,218303801895.326,NA,3.96580004692078,NA,NA,95.7826919555664,94.0271530151367
"258","GRC",2022,NA,6.941,38.25,19.487,74.647,74.624,NA,69.685,59.669,NA,NA,NA,NA,NA,NA,1.05964004993439,NA,12.9,2.7,7.2,NA,NA,NA,NA,NA,3297.95258133849,NA,NA,NA,51.5684736009097,10436882,7.08432992567671,7.3,691116,NA,NA,3.3,2.3,218880566444.349,NA,NA,NA,NA,99.250862121582,95.3867263793945
"259","GTM",2018,NA,81.694,82.33,38.944,86.843,76.508,2.95886883473815,86.567,73.609,NA,NA,0.980000019073486,0.974200010299683,0.966359972953796,0.953310012817383,NA,NA,NA,NA,NA,NA,NA,NA,1.68602204140839,NA,513.930765477227,NA,NA,0.465891808271408,50.3632562500876,16845685,1.69836304928921,24.315,1227191,47.83371,52.16629,21,11.9,73328365862.4329,NA,10.2074936399571,NA,104.59575,80.1524568393094,56.6047065579175
"260","GTM",2019,NA,77.103,80.961,37.136,85.116,77.4,3.08517060761441,86.442,71.624,NA,NA,NA,0.978120028972626,0.971830010414124,0.961179971694946,1.12968989317264,22.3097034591438,NA,NA,NA,NA,NA,NA,4.2227667985634,NA,541.908908766325,NA,NA,NA,50.3626211295009,17103803,2.44813641532025,23.089,1195065,NA,NA,20.4,11.5,77172317258.6478,NA,10.4686366868738,NA,NA,79.5256946439783,56.8243645328573
"261","GTM",2020,NA,72.461,NA,NA,NA,NA,3.20036931217538,NA,NA,NA,NA,NA,0.981639981269836,0.980570018291473,0.979820013046265,NA,NA,NA,NA,NA,NA,NA,NA,-1.5875747329067,NA,555.797919021175,NA,NA,0.470941007137299,50.3725746696236,17357325,-3.22007732804485,22.043,1177859,NA,NA,19.7,11.1,77719464220.73,NA,10.047732508807,NA,NA,81.0746509614823,56.2965321446576
"262","GTM",2021,NA,70.295,83.568,41.524,90.351,77.939,3.06734319179677,88.339,75.974,NA,NA,NA,0.984549999237061,0.994180023670197,1.0171799659729,NA,NA,NA,NA,NA,NA,NA,NA,2.27881125315209,NA,668.185294953033,NA,NA,NA,50.3937858869856,17598650,6.56016041326578,21.407,1095703,NA,NA,19,10.7,86455519686.8841,NA,8.69397443435465,NA,NA,87.198618601974,54.7755642247613
"263","GTM",2022,NA,69.116,80.464,40.264,86.145,75.295,NA,86.506,71.611,NA,NA,0.980000019073486,NA,NA,NA,NA,NA,NA,NA,NA,NA,NA,NA,NA,NA,783.138578071011,NA,NA,NA,50.4060371105223,17847877,2.72968988042675,21.063,1043629,NA,NA,18.4,10.4,95641441234.943,NA,8.5490015026309,NA,NA,86.7739351402395,50.9378322212547
"264","HIC",2018,NA,12.1369222241578,51.7803041530017,30.3773223159013,80.1373488538614,71.6608539955785,4.36840632528301,70.939558067047,63.0357741196788,NA,3,NA,0.998809993267059,0.996909976005554,0.99533998966217,1.19480001926422,NA,NA,NA,NA,NA,NA,NA,1.90771075706915,NA,5385.54585177034,NA,NA,NA,50.3919532705821,1385103279,2.01501148746219,10.3928114321726,102701904,48.38355,51.61645,4.4,2.9,56899748048245.3,NA,1.5,NA,98.36292,96.8718490600586,95.5860900878906
"265","HIC",2019,NA,11.2576234525815,51.5977129910027,30.6728048939202,80.0590998381113,72.0955600955754,4.38942706096634,70.53683493129,62.7662455792064,NA,3,NA,1.00287997722626,0.996800005435944,0.991680026054382,1.20013999938965,6.16043865832213,NA,NA,NA,NA,7.31,1.1,1.26262281348485,NA,5688.77187976718,NA,NA,NA,50.3908224395123,1389779202,1.57078007529022,10.0488387841898,103071336,NA,NA,4.3,2.9,57469453150147.4,1.709647894,1.60000002384186,4.6454072,NA,99.0680923461914,95.1084289550781
"266","HIC",2020,NA,10.2950157242081,50.0828272644625,29.5605418398173,79.2591453010286,71.0427721203831,4.38873146252572,69.1348605385891,61.3390208047009,NA,3,1.00014996528626,0.999450027942657,0.996389985084534,0.993889987468719,1.20961999893188,NA,NA,NA,NA,NA,NA,NA,-5.55243122659445,NA,6264.50875249109,NA,NA,NA,50.3886527551391,1393490142,-4.13050337624806,9.67640831439508,103792752,NA,NA,4.3,2.8,56044969561614.3,NA,1.70000004768372,NA,NA,98.6172714233398,95.4555892944336
"267","HIC",2021,NA,9.5390583207176,50.5264631682257,30.0596048420096,78.9704330612664,71.3536737790066,4.41739107770482,69.6845048925471,62.2819027399045,NA,3,0.999809980392456,NA,NA,NA,1.21902000904083,NA,NA,NA,NA,NA,NA,NA,4.95955966602541,NA,6631.3522276423,NA,NA,NA,50.408126362547,1391839631,5.96888566157625,9.64355112874415,104672384,NA,NA,4.2,2.7,62927771341457.9,NA,1.89999997615814,NA,NA,98.3880310058594,96.5486907958984
"268","HIC",2022,NA,9.30205315560183,51.0948846509759,29.8491121327558,80.1455335328011,73.4589988584091,NA,69.110048113711,61.8552821033163,NA,3,NA,NA,NA,NA,1.22048997879028,NA,NA,NA,NA,NA,NA,NA,NA,NA,6928.10081764147,NA,NA,NA,50.3854442654143,1398530204,2.51051033461297,9.30852772474383,105629768,NA,NA,4.2,2.7,65248657227968.5,NA,2.09999990463257,NA,NA,97.1706695556641,95.4879913330078
"269","HKG",2018,NA,2.446,52.912,32.62,79.849,73.597,2.82959281207101,72.872,67.786,NA,NA,NA,1.04478001594543,1.0073299407959,0.969929993152618,1.09448262703017,NA,NA,NA,NA,NA,NA,NA,NA,NA,NA,NA,NA,0.849131226539612,54.6443312809171,7452600,2.02720617061298,7.2,348937,47.56879,52.43121,NA,NA,361731070995.726,NA,NA,NA,117.2294,92.4216027874565,93.2690909090909
"270","HKG",2019,NA,2.233,51.088,33.115,79.326,73.795,2.82959281207101,72.022,66.929,NA,NA,NA,1.04911005496979,1.01391994953156,0.977010011672974,1.08962282045792,NA,NA,NA,NA,NA,NA,NA,NA,NA,NA,NA,NA,NA,54.7388312717445,7507900,-2.39663450632773,7,341264,NA,NA,NA,NA,363074545072.389,NA,NA,NA,NA,96.4557823129252,94.9776119402985
"271","HKG",2020,NA,1.786,49.512,32.082,79.432,74.598,2.82959281207101,69.771,64.96,NA,NA,NA,1.04240000247955,1.01534998416901,0.986289978027344,1.09635662570011,NA,NA,NA,NA,NA,NA,NA,NA,NA,NA,NA,NA,0.84778493642807,54.8384456778131,7481000,-6.20873917922833,5.8,342433,NA,NA,NA,NA,344943149590.058,NA,NA,NA,NA,103.871886120997,112.366379310345
"272","HKG",2021,NA,1.324,47.62,31.804,79.591,74.699,2.82959281207101,70.026,64.94,NA,NA,NA,1.042799949646,1.01925003528595,0.994069993495941,1.08784791371251,NA,NA,NA,NA,NA,NA,NA,NA,NA,NA,NA,NA,NA,54.8800263367413,7413100,7.4294898793141,5,343352,NA,NA,NA,NA,368954169748.818,NA,NA,NA,NA,118.59243697479,NA
"273","HKG",2022,NA,1.13,46.591,30.752,77.224,73.07,NA,69.631,64.074,NA,NA,NA,NA,NA,NA,1.0708512824153,NA,NA,NA,NA,NA,NA,NA,NA,NA,NA,NA,NA,NA,54.8901239834635,7346100,-2.80530044911679,4.4,338837,NA,NA,NA,NA,358679533984.718,NA,NA,NA,NA,104.157088122605,NA
"274","HND",2019,NA,85.131,84.697,41.791,86.021,81.754,6.33,82.575,69.019,NA,3.5,1.02999997138977,NA,NA,NA,1.28411490523733,10.683423692717,25.1,1.2,3.6,3.17,NA,NA,1.73989342641015,96.1,426.797054531812,NA,NA,NA,49.6050236764547,9943633,0.71936151617345,23.111,638227,NA,NA,15.1,10.1,24882225741.8119,NA,19.0036697387695,NA,NA,79.0690520365688,45.9545563262377
"275","HND",2020,NA,84.334,NA,NA,NA,NA,6.33,NA,NA,NA,3.5,NA,NA,NA,NA,NA,NA,NA,NA,NA,NA,NA,NA,-4.60915571813059,NA,479.84569304219,NA,NA,0.492796123027802,49.616814432134,10119640,-10.5484174868395,22.803,623349,NA,NA,14.6,9.8,23352232483.755,NA,20.5461551455426,NA,NA,78.9437848827174,45.5936417128212
"276","HND",2021,NA,83.508,79.42,52.385,87.614,81.433,6.33,78.096,72.13,NA,3.5,NA,NA,NA,NA,NA,NA,NA,NA,NA,NA,NA,NA,5.23965066940985,NA,562.649132443107,NA,NA,NA,49.6314727213428,10289877,10.7029903655951,22.529,580903,NA,NA,14.1,9.5,28144331506.6149,NA,23.3622400504183,NA,NA,73.6047991274314,42.3629400245034
"277","HND",2022,NA,82.781,78.436,47.904,80.92,73.927,NA,79.987,69.147,NA,3.5,1.028364655385,NA,NA,NA,NA,NA,NA,NA,NA,NA,NA,NA,NA,NA,556.834380107658,NA,NA,NA,49.6420063242364,10463872,2.41184551052402,22.242,573892,NA,NA,13.7,9.1,31426041806.7985,NA,22.2517204284668,NA,NA,70.2832540656643,NA
"278","HPC",2018,NA,102.929672273785,NA,NA,NA,NA,3.38868769362002,NA,NA,NA,3.12162162162162,0.918579995632172,0.939710021018982,0.916400015354156,0.854009985923767,0.718479990959167,NA,NA,NA,NA,NA,NA,NA,4.589681766612,NA,120.906906827113,NA,NA,NA,50.1594508744445,802020674,1.29325444439749,36.1781933674505,45970552,45.57916,54.42084,47.6038261321914,27.9749421373581,783851617853.699,NA,NA,NA,116.4222,64.9618072509766,37.0136108398438
"279","HPC",2019,NA,101.214154492146,NA,NA,NA,NA,3.38675102499393,NA,NA,NA,3.10526315789474,0.923879981040955,0.942839980125427,0.919149994850159,0.855579972267151,0.734340012073517,49.3366537552231,NA,NA,NA,NA,NA,NA,2.26952841496086,84.369763766873,127.578846728719,NA,NA,NA,50.1561734612923,824649053,1.601344399046,35.7809413936876,47691828,NA,NA,46.5290188133556,27.4713997315394,811925263665.522,NA,NA,NA,NA,65.4512786865234,37.7720794677734
"280","HPC",2020,NA,99.5834944462284,NA,NA,NA,NA,3.39536925196667,NA,NA,NA,3.13157894736842,0.926440000534058,0.946569979190826,0.923500001430511,0.862450003623962,0.742160022258759,NA,NA,NA,NA,NA,NA,NA,-1.15566416223393,NA,134.539139076073,NA,NA,NA,50.1552625071308,847743308,-2.4912328951045,35.3435911591873,49807024,NA,NA,44.9638438232595,26.9608876127567,820678273818.935,NA,NA,NA,NA,66.3953323364258,38.6344718933105
"281","HPC",2021,NA,97.9968565430763,NA,NA,NA,NA,3.39532178545717,NA,NA,NA,3.17567567567568,0.930800020694733,NA,NA,NA,0.753929972648621,NA,NA,NA,NA,NA,NA,NA,-0.724129322726498,NA,142.434904073493,NA,NA,NA,50.1553325090606,870930036,1.46665633531968,34.952007012197,51488416,NA,NA,43.9350670309859,26.4421359884717,914476428986.12,NA,NA,NA,NA,67.6820373535156,38.8911399841309
"282","HPC",2022,NA,96.758097875144,NA,NA,NA,NA,NA,NA,NA,NA,3.15789473684211,0.935159981250763,NA,NA,NA,NA,NA,NA,NA,NA,NA,NA,NA,NA,NA,147.184732588035,NA,NA,NA,50.1560693196251,893906294,2.29350139170718,34.5847535900894,52703120,NA,NA,44.0104847065421,25.9718961952249,993480176910.217,NA,NA,NA,NA,66.8493194580078,38.9091606140137
"283","HRV",2018,NA,9.034,24.849,13.552,69.113,73.925,3.74354770683118,64.296,59.63,NA,NA,NA,1.00310003757477,1.03264999389648,1.04736995697021,1.25789999961853,NA,11.5,2.9,7.9,16.09,NA,NA,5.4982658906162,NA,1943.08483340669,NA,NA,0.752575933933258,51.8365322788226,3988775,4.26251170355792,9,332460,NA,NA,4,3,61668130122.5878,NA,NA,NA,NA,101.385292053223,98.1351089477539
"284","HRV",2019,NA,8.687,25.355,13.44,68.405,73.834,3.64238955891275,64.027,59.061,NA,NA,NA,1.00706994533539,1.03872001171112,1.0545300245285,1.27487003803253,3.3963940810779,11.4,3,8,NA,NA,NA,4.86138556731221,NA,2174.23080513248,NA,NA,NA,51.8333386013314,3949390,4.12860062660076,8.9,326095,NA,NA,4,3,61467582193.6824,NA,NA,NA,NA,99.7285766601562,102.648468017578
"285","HRV",2020,NA,7.57,25.133,11.884,70.544,73.3,3.64238955891275,64.028,58.755,NA,NA,NA,1.00203001499176,1.03913998603821,1.05743002891541,1.28549003601074,NA,11.6,2.9,7.9,NA,NA,NA,-9.82446786697643,NA,2341.57720305744,NA,NA,0.738965690135956,51.8237168933003,3914206,-7.48747462051617,8.9,324653,NA,NA,4,2.9,57963370885.0798,NA,NA,NA,NA,100.807861328125,99.1161499023438
"286","HRV",2021,NA,7.542,26.814,12.835,69.995,73.827,3.64238955891275,64.653,59.313,NA,NA,NA,NA,NA,NA,1.29124999046326,NA,11,3.1,8.2,NA,NA,NA,11.2909425039789,NA,2867.46064386321,NA,NA,NA,51.8148300085868,3878981,13.6545080301151,9.4,326439,NA,NA,3.9,2.9,69006802298.6956,NA,NA,NA,NA,97.8029403686523,99.6842269897461
"287","HRV",2022,NA,6.945,24.595,12.684,70.451,74.984,NA,64.503,59.645,NA,NA,NA,NA,NA,NA,1.30691003799438,NA,11.5,2.9,7.9,NA,NA,NA,NA,NA,3054.54438754535,NA,NA,NA,51.7996420296046,3855641,7.93740053837753,8.8,326758,NA,NA,3.9,2.9,71198635101.9514,NA,NA,NA,NA,100.016296386719,101.950172424316
"288","HUN",2018,NA,22.212,38.822,21.905,77.368,70.102,4.16138768229333,72.498,64.152,NA,NA,NA,0.992959976196289,0.994589984416962,0.995500028133392,1.19154000282288,NA,NA,NA,NA,NA,12.31,0.91,5.44308836101423,NA,2098.96075227803,NA,NA,0.729179322719574,52.1896142297532,9706964,5.82146361803679,9.6,808569,NA,NA,3.6,2.3,161184691013.835,NA,4.64711999893188,NA,NA,98.8534622192383,95.1036605834961
"289","HUN",2019,NA,21.404,38.849,21.873,78.261,69.571,3.88763114383326,73.188,64.367,NA,NA,NA,0.986580014228821,0.993380010128021,0.996649980545044,1.19693005084991,1.97689691169873,NA,NA,NA,NA,NA,NA,6.8191785642051,NA,2207.80676798597,NA,NA,NA,52.1201091547833,9694824,5.2087641343076,9.6,803192,NA,NA,3.5,2.2,164936682033.992,NA,4.52506017684937,NA,NA,93.1781463623047,95.683219909668
"290","HUN",2020,NA,21.318,38.397,21.65,77.222,68.188,3.88763114383326,72.782,63.769,NA,NA,NA,0.979170024394989,0.989939987659454,0.994910001754761,1.2007600069046,NA,NA,NA,NA,NA,NA,NA,-4.3068793326841,NA,2546.77596044347,NA,NA,0.706308364868164,52.0786234556448,9670419,-4.09730738033811,9.7,801601,NA,NA,3.4,2.2,158468487754.196,NA,4.42940998077393,NA,NA,92.9049606323242,94.6876907348633
"291","HUN",2021,NA,19.787,40.028,22.88,79.183,75.09,3.88763114383326,72.395,65.026,NA,NA,NA,NA,NA,NA,1.19957995414734,NA,NA,NA,NA,NA,NA,NA,3.67616462311426,NA,2847.05942784836,NA,NA,NA,52.0565727735801,9630932,7.66253175353751,9.8,783769,NA,NA,3.3,2.2,183282685440.486,3.41356658935546,3.91155004501343,4.5094609260559,NA,93.4152603149414,98.5435028076172
"292","HUN",2022,NA,18.766,39.747,23.592,80.028,76.001,NA,72.928,65.161,NA,NA,NA,NA,NA,NA,1.2124799489975,NA,NA,NA,NA,NA,NA,NA,NA,NA,2906.88270517611,NA,NA,NA,52.0344049434208,9605074,4.55105571139856,9.3,803149,NA,NA,3.2,2.2,177536698164.902,NA,3.60703992843628,NA,NA,97.5486221313477,96.916130065918
"293","IBD",2018,NA,26.2761901513018,NA,NA,NA,NA,3.03782980399541,NA,NA,NA,4.25,0.989090025424957,0.999440014362335,1.00800001621246,1.01693999767303,1.1458899974823,NA,NA,NA,NA,NA,NA,NA,2.22549504980078,NA,680.448291720405,NA,NA,NA,49.4581359534326,4807240463,4.05923831219783,15.3426853757228,397608192,48.10305,51.89695,19.5785117970087,13.3671856335116,30908093008396.4,NA,NA,NA,101.3685,95.7922515869141,87.4327926635742
"294","IBD",2019,NA,25.1846544170997,NA,NA,NA,NA,3.02553311358263,NA,NA,NA,4.25,0.987689971923828,0.99889999628067,1.00849997997284,1.01837003231049,1.15773999691009,13.173712272949,NA,NA,NA,NA,NA,NA,2.54182206715119,91.8217028116871,723.421652632172,NA,NA,NA,49.4663982625032,4845361414,3.22040318730663,14.8351807061559,400486656,NA,NA,18.9055225641147,12.8713742532025,31581844372017.2,3.166233301,NA,48.28469849,NA,95.5170135498047,88.5025177001953
"295","IBD",2020,NA,23.9369494810051,NA,NA,NA,NA,2.95050037498951,NA,NA,NA,NA,0.98921000957489,0.997850000858307,1.00408005714417,1.01015996932983,1.15573000907898,NA,NA,NA,NA,NA,NA,NA,-3.03026577962268,NA,778.797866189635,NA,NA,NA,49.4796272948531,4878606096,-1.92202654946702,13.9224410274235,408112768,NA,NA,18.5928735549577,12.6417961168403,30426310945474.6,NA,NA,NA,NA,95.5811920166016,90.9772415161133
"296","IBD",2021,NA,23.3047754002033,69.5013810319998,34.4435975499952,82.7345847965454,60.8937480773289,2.92697761282989,70.8096890563652,56.7554562889012,NA,NA,0.991050004959106,NA,NA,NA,1.1520299911499,NA,NA,NA,NA,NA,NA,NA,5.17300451490155,NA,848.509215488949,NA,NA,NA,49.4965528862339,4905534420,7.03345897564924,13.4167973874202,417944480,NA,NA,18.1460778280348,12.2929550266616,36134729389995.2,NA,NA,NA,NA,96.3516311645508,91.8989105224609
"297","IBD",2022,NA,22.8114395418511,NA,NA,NA,NA,NA,NA,NA,NA,NA,0.992890000343323,NA,NA,NA,1.14208996295929,NA,NA,NA,NA,NA,NA,NA,NA,NA,900.745608042356,NA,NA,NA,49.5105772387373,4928522353,3.25177211054375,13.0323032037396,423943872,NA,NA,17.7571168549093,11.9594160560515,38173342857338.4,NA,NA,NA,NA,100.839538574219,92.1462936401367
"298","IBT",2018,NA,45.9187933813889,NA,NA,NA,NA,2.99532142884494,NA,NA,NA,3.23972602739726,0.966539978981018,0.980239987373352,0.98513001203537,0.990790009498596,1.09836995601654,NA,NA,NA,NA,NA,NA,NA,2.13688710261337,NA,539.932421418985,NA,NA,NA,49.6079128863271,6518316997,3.65724588957714,19.6005807505578,511244448,47.88854,52.11146,31.7816732523862,20.079733218136,33320472281473.6,NA,NA,NA,103.951,86.2889862060547,73.3773193359375
"299","IBT",2019,NA,44.9892222754385,NA,NA,NA,NA,2.97922705131979,NA,NA,NA,3.25333333333333,0.966260015964508,0.981289982795715,0.986320018768311,0.991989970207214,1.10895001888275,21.0203585215079,NA,NA,NA,NA,NA,NA,2.29171879286356,87.5655686561714,572.427991098157,NA,NA,NA,49.6144146335715,6594502842,2.83408658945265,19.1800950749401,517970592,NA,NA,31.1087124272407,19.6853909284751,34090818723703,NA,NA,NA,NA,86.1910781860352,73.9543533325195
"300","IBT",2020,NA,43.9779029570293,NA,NA,NA,NA,2.909789638076,NA,NA,NA,3.26027397260274,0.967790007591248,0.980539977550507,0.983709990978241,0.986760020256042,1.10745000839233,NA,NA,NA,NA,NA,NA,NA,-3.22681189702951,NA,613.589434664953,NA,NA,NA,49.6244599119506,6666779721,-2.29059303291417,18.4652656424938,529813280,NA,NA,30.768023101735,19.5754884676687,32884865747902.1,NA,NA,NA,NA,86.400032043457,75.4926605224609
"301","IBT",2021,NA,43.4616343920867,NA,NA,NA,NA,2.8928954196714,NA,NA,NA,3.27083333333333,0.969569981098175,NA,NA,NA,1.10362005233765,NA,NA,NA,NA,NA,NA,NA,4.68039968673106,NA,667.888182262205,NA,NA,NA,49.6385648471721,6732972939,6.32868705219047,18.089372782382,542970240,NA,NA,30.3354112438244,19.3079913736369,38810576219568.7,NA,NA,NA,NA,87.0761566162109,75.9983367919922
"302","IBT",2022,NA,42.987473874399,NA,NA,NA,NA,NA,NA,NA,NA,3.27027027027027,0.971459984779358,NA,NA,NA,1.09529995918274,NA,NA,NA,NA,NA,NA,NA,NA,NA,705.59465151127,NA,NA,NA,49.6533626281039,6795050443,2.83465194620787,17.7983447428637,552058304,NA,NA,30.1389107010954,19.0174690494971,41067771533155.6,NA,NA,NA,NA,89.7174530029297,75.9796829223633
"303","IDA",2018,NA,84.4990872652727,NA,NA,NA,NA,2.45453259370593,NA,NA,NA,3.2112676056338,0.917270004749298,0.94734001159668,0.941120028495789,0.927389979362488,0.779280006885529,NA,NA,NA,NA,NA,NA,NA,NA,NA,147.190825853285,NA,NA,NA,50.0287086356276,1711076534,2.10924745102734,31.5630654941698,113636248,47.09857,52.90143,48.5145941529772,29.283948714726,2412444537801.42,NA,NA,NA,108.4509,69.8563385009766,47.649829864502
"304","IDA",2019,NA,83.0409852836674,NA,NA,NA,NA,2.39452864064026,NA,NA,NA,3.22602739726027,0.921500027179718,0.951520025730133,0.944500029087067,0.929289996623993,0.800909996032715,43.9694630248262,NA,NA,NA,NA,NA,NA,NA,82.5080196168209,153.726643852227,NA,NA,NA,50.0244402618792,1749141428,1.73687784068754,31.2161031944857,117483920,NA,NA,47.1954776104743,28.6679182380738,2508626747858.23,NA,NA,NA,NA,70.2302780151367,47.8512001037598
"305","IDA",2020,NA,81.6770359349364,NA,NA,NA,NA,2.4077757773811,NA,NA,NA,3.26027397260274,0.924839973449707,0.951860010623932,0.946439981460571,0.934970021247864,0.813830018043518,NA,NA,NA,NA,NA,NA,NA,NA,NA,162.405871405616,NA,NA,NA,50.0196012331248,1788173625,-3.02259568071402,30.8592812740245,121700520,NA,NA,45.736384443873,28.0999022453944,2457830370728.94,NA,NA,NA,NA,70.7727737426758,48.2035903930664
"306","IDA",2021,NA,80.6035988373895,NA,NA,NA,NA,2.43459510143551,NA,NA,NA,3.27083333333333,0.928020000457764,NA,NA,NA,0.819350004196167,NA,NA,NA,NA,NA,NA,NA,NA,NA,182.558841333678,NA,NA,NA,50.0197785269709,1827438519,2.20744499562475,30.6323279580083,125025744,NA,NA,44.6460203206208,27.5438349096782,2677283166004.58,NA,NA,NA,NA,71.4586868286133,48.3151702880859
"307","IDA",2022,NA,79.5112044343044,NA,NA,NA,NA,NA,NA,NA,NA,3.27027027027027,0.93120002746582,NA,NA,NA,0.826080024242401,NA,NA,NA,NA,NA,NA,NA,NA,NA,194.081706716609,NA,NA,NA,50.0303840010718,1866528090,2.19100212305372,30.3829623474667,128114408,NA,NA,44.1536280844604,27.0063452340591,2895309495560.39,NA,NA,NA,NA,71.1693878173828,48.2960586547852
"308","IDB",2018,NA,72.1600600867922,NA,NA,NA,NA,2.27066108754858,NA,NA,NA,3.33333333333333,0.871619999408722,0.931670010089874,0.924539983272552,0.909330010414124,0.785120010375977,NA,NA,NA,NA,NA,NA,NA,NA,NA,165.085555995732,NA,NA,NA,49.4087290164546,601951913,1.80710186284728,31.7360320683307,39497516,45.96137,54.03863,56.8953832803911,34.9106729696583,1125300769098.02,NA,NA,NA,94.88629,65.5641479492188,46.5839805603027
"309","IDB",2019,NA,70.2073200264216,64.9337559293112,43.6480459888055,81.6470209174598,64.1311871666811,2.23218810272751,70.387034229024,58.9230341435348,NA,3.33333333333333,0.874440014362335,0.9376500248909,0.930109977722168,0.914939999580383,0.83967000246048,47.4722789558152,NA,NA,NA,NA,NA,NA,NA,81.3423517197965,171.211517035483,NA,NA,NA,49.4154463754688,614017319,0.996577941510225,31.1508026339009,41608980,NA,NA,55.4405844429813,34.2098140986169,1153206654635.47,35.43077087,NA,62.68264008,NA,66.5301971435547,46.7066688537598
"310","IDB",2020,3.71746125997723,68.2054131209028,NA,NA,NA,NA,2.25339694007917,NA,NA,NA,3.40625,0.87747997045517,0.931770026683807,0.926079988479614,0.914830029010773,0.845409989356995,NA,NA,NA,NA,NA,NA,NA,NA,NA,185.60284034496,NA,NA,NA,49.4252373339696,626440308,-3.37330664407763,30.6297477169557,43145920,NA,NA,53.9202572114668,33.5740494399623,1087140198997.65,NA,NA,NA,NA,67.4653396606445,47.2631492614746
"311","IDB",2021,NA,67.9048236808823,NA,NA,NA,NA,2.30331344749072,NA,NA,47.8214807792355,3.4375,0.880069971084595,NA,NA,NA,0.837090015411377,NA,NA,NA,NA,NA,NA,NA,NA,NA,219.200471531064,NA,NA,NA,49.4427122941129,639196319,3.16388476422078,30.4394682110818,44646404,NA,NA,52.4355453327047,32.8797449555933,1187113707176.67,NA,NA,NA,NA,68.1013565063477,47.5892105102539
"312","IDB",2022,NA,66.9947152786196,NA,NA,NA,NA,NA,NA,NA,NA,3.4375,0.882510006427765,NA,NA,NA,0.838530004024506,NA,NA,NA,NA,NA,NA,NA,NA,NA,239.260943829265,NA,NA,NA,49.4719348018233,651895919,2.33226510781488,30.1488907502825,46246436,NA,NA,50.9914254908524,32.1787489869123,1279359771603.06,NA,NA,NA,NA,68.6336212158203,48.1220588684082
"313","IDN",2018,NA,30.648,78.216,47.592,88.163,76.046,3.26672479522181,86.681,72.194,NA,NA,1,0.967230021953583,0.993399977684021,1.02502000331879,1.13641422610664,NA,10.3,3.1,7.4,NA,4.74,0.91,2.69110584019772,NA,331.110606230502,NA,NA,0.552363872528076,49.7548879522947,269951846,4.15930013909383,17.146,24696648,49.17247,50.82753,19.9,12.5,1042271532988.63,NA,9.60246082739228,NA,100.5169,101.576134935601,100.472221464
"314","IDN",2019,NA,28.876,78.754,48.011,90.158,78.613,3.26672479522181,85.94,72.101,NA,NA,NA,NA,NA,NA,1.10868455441351,18.9256595520418,9.7,3.2,7.6,3.59,2.53,0.53,2.0548657970557,NA,352.023121507579,NA,NA,NA,49.7532801103908,272489381,4.0413041818536,16.909,25438313,NA,NA,19.3,12,1119099871350.2,NA,NA,NA,NA,102.428396462472,102.972938020081
"315","IDN",2020,NA,27.176,78.252,47.782,88.389,76.746,3.26672479522181,84.946,70.701,NA,NA,1,NA,NA,NA,1.13023536613202,NA,9.6,3.2,7.6,NA,2.23,0.43,-3.56354542016042,NA,411.502581471369,NA,NA,0.556612551212311,49.7577219858259,274814866,-2.89423403981894,16.674,26230892,NA,NA,18.6,11.6,1059054842698.48,NA,NA,NA,NA,101.32439676602,99.3838214306103
"316","IDN",2021,NA,26.824,76.721,47.217,86.914,74.929,3.26672479522181,82.191,68.328,NA,NA,NA,NA,NA,NA,1.15136371671297,NA,9.5,3.2,7.6,NA,1.97,0.35,4.62706723266277,NA,479.763025013484,NA,NA,NA,49.7642603375303,276758053,2.97476192227879,16.417,26806366,NA,NA,18,11.2,1186509691086.73,NA,NA,NA,NA,102.045992385653,98.0263151179212
"317","IDN",2022,NA,26.581,77.779,48.077,88.963,73.149,NA,84.244,68.952,NA,NA,1.01910901069641,NA,NA,NA,1.17934893315466,NA,8.2,3.3,7.8,NA,NA,NA,NA,NA,390.151305765086,NA,NA,NA,49.7650079773008,278830529,4.52447576618876,16.204,27084200,NA,NA,17.5,10.9,1319101183380.15,NA,NA,NA,NA,100.599528291269,100.167896054259
"318","IDX",2018,NA,90.9449498209501,NA,NA,NA,NA,2.61482844247816,NA,NA,NA,3.17857142857143,0.939849972724915,0.953499972820282,0.948199987411499,0.936999976634979,0.774529993534088,NA,NA,NA,NA,NA,NA,NA,5.23154391255306,NA,137.463110519388,NA,NA,NA,50.3651883338653,1109124621,2.49043216687228,31.4691918588452,76179256,47.70363,52.29637,43.9276981822977,26.2043820509317,1287143768703.4,NA,NA,NA,115.3946,72.0985717773438,48.1587181091309
"319","IDX",2019,NA,89.7427443808581,NA,NA,NA,NA,2.53469932741907,NA,NA,NA,3.19827586206897,0.943270027637482,0.956679999828339,0.950510025024414,0.937290012836456,0.78209000825882,41.8186094743073,NA,NA,NA,NA,NA,NA,4.94319419036506,83.1998915469785,144.253705233074,NA,NA,NA,50.3538604463826,1135124109,2.56302069548151,31.2514259180729,78102088,NA,NA,42.7511955922775,25.6807224842691,1355420093222.75,26.60412598,NA,84.57528687,NA,72.2357177734375,48.4734382629395
"320","IDX",2020,NA,88.7101747376341,NA,NA,NA,NA,2.53173593285693,NA,NA,NA,3.21929824561404,0.945729970932007,0.95949000120163,0.955039978027344,0.945890009403229,0.798659980297089,NA,NA,NA,NA,NA,NA,NA,-0.613737548032404,NA,149.878088327122,NA,NA,NA,50.3400994908595,1161733317,-2.59915268319004,30.9830524270787,80942136,NA,NA,41.3770079139356,25.1839394147017,1370690171731.28,NA,NA,NA,NA,72.6128005981445,48.818531036377
"321","IDX",2021,NA,87.2475168925381,NA,NA,NA,NA,2.53996608311045,NA,NA,NA,3.22321428571429,0.948080003261566,NA,NA,NA,0.810840010643005,NA,NA,NA,NA,NA,NA,NA,1.40488012572287,NA,162.818376659276,NA,NA,NA,50.3302022872632,1188242200,1.35964271616177,30.7360738444267,82942880,NA,NA,40.5009461575421,24.7044136569672,1490169458827.91,NA,NA,NA,NA,73.2727279663086,48.8408584594727
"322","IDX",2022,NA,86.0976359095581,NA,NA,NA,NA,NA,NA,NA,NA,3.22413793103448,0.950600028038025,NA,NA,NA,0.8194500207901,NA,NA,NA,NA,NA,NA,NA,NA,NA,169.796453425674,NA,NA,NA,50.3301049887508,1214632171,2.12008201912688,30.5085891195887,84390936,NA,NA,40.5319767556079,24.2667725600617,1615949723957.34,NA,NA,NA,NA,72.441162109375,48.5511016845703
"323","IRL",2018,NA,6.104,40.465,19.34,85.536,77.834,4.1472743356144,75.934,67.443,NA,NA,NA,0.994930028915405,1.0602400302887,1.14051997661591,1.11401998996735,NA,7.1,3.6,8.7,30.18,NA,NA,2.37607256002894,NA,5544.28548655774,NA,NA,0.821852087974548,50.4781679266488,4898022,5.99470495414671,12.5,491761,NA,NA,3,2.3,395461216460.418,NA,NA,NA,NA,97.204719543457,98.9788513183594
"324","IRL",2019,NA,5.447,40.05,20.672,85.474,77.546,3.97980002911489,76.078,67.35,NA,NA,NA,0.999010026454926,1.04007995128632,1.09520995616913,1.13365995883942,5.68459569024138,6.9,3.6,8.8,NA,NA,NA,3.66162906827006,NA,6144.64387592725,NA,NA,NA,50.4733058193478,4976456,3.38500422872676,11.9,445485,NA,NA,3,2.3,407124824064.995,NA,NA,NA,NA,102.421546936035,102.208343505859
"325","IRL",2020,NA,5.027,37.912,18.337,85.146,76.784,3.97980002911489,72.634,64.15,NA,NA,NA,0.996510028839111,1.04173004627228,1.10255002975464,1.14827001094818,NA,6.2,3.7,9,NA,NA,NA,-6.49807446837336,NA,6885.15863435953,NA,NA,0.804584622383118,50.4845054977255,5039747,5.81217041868747,11.1,442827,NA,NA,3.1,2.3,436555518400.451,NA,NA,NA,NA,99.8786697387695,101.30403137207
"326","IRL",2021,NA,4.798,40.726,18.461,86.132,78.451,3.97980002911489,74.001,65.723,NA,NA,NA,NA,NA,NA,1.16521000862122,NA,6.5,3.7,9,NA,NA,NA,16.0369035542425,NA,7567.91297321101,NA,NA,NA,50.4890298652163,5110585,14.6441903397342,11.8,449673,NA,NA,3.2,2.4,531306516907.984,0.115379333496093,NA,2.09091305732727,NA,99.205192565918,99.9842224121094
"327","IRL",2022,NA,4.151,38.462,20.291,87.371,79.672,NA,74.137,66.335,NA,NA,NA,NA,NA,NA,1.1832400560379,NA,7,3.6,8.9,NA,NA,NA,NA,NA,8298.37493373468,NA,NA,NA,50.4879731272804,5212836,6.48890643608225,10.4,456625,NA,NA,3.3,2.5,548570250341.987,NA,NA,NA,NA,98.0181427001953,103.89518737793
"328","ISL",2018,NA,5.381,78.056,62.704,92.198,88.756,7.48076933075896,86.656,83.285,NA,NA,NA,0.997550010681152,0.994610011577606,0.989440023899078,1.46755003929138,NA,7.7,3.7,9.2,NA,NA,NA,-2.31931924790865,NA,4824.62861688134,NA,NA,0.763281285762787,48.9141370485726,352721,2.1173732467003,12,35171,NA,NA,2,1.4,26260850582.0687,NA,1.22572004795075,NA,NA,98.4112091064453,97.562141418457
"329","ISL",2019,NA,4.88,76.054,60.702,91.727,88.946,7.17038861205149,86.156,82.266,NA,NA,NA,1.00429999828339,0.987950026988983,0.970679998397827,1.49496996402741,4.96802300638093,6.3,3.7,9.4,40.31,NA,NA,6.3275986966201,NA,5227.25494139018,NA,NA,NA,48.7298273629813,360563,-0.354233389637315,12.3,34585,NA,NA,2,1.4,24681343649.2952,NA,1.07920002937317,NA,NA,99.6398010253906,99.0227966308594
"330","ISL",2020,NA,4.408,74.457,57.278,90.228,86.331,7.17038861205149,82.883,80.079,NA,NA,NA,1.00788998603821,0.985019981861115,0.962339997291565,1.49460995197296,NA,NA,NA,NA,NA,NA,NA,-11.7987330087164,NA,5381.65909101738,NA,NA,0.768019616603851,48.7087236166649,366463,-8.43869798495854,12.3,34598,NA,NA,2,1.4,21629953194.0659,NA,1.44464004039764,NA,NA,98.147331237793,97.6147613525391
"331","ISL",2021,NA,4.15,69.301,50.382,87.307,84.898,7.17038861205149,75.989,71.756,NA,NA,NA,NA,NA,NA,1.50685000419617,NA,NA,NA,NA,NA,NA,NA,0.94288832195484,NA,6015.16861211774,NA,NA,NA,48.7522910667851,372520,3.32561234587403,13.1,36432,NA,NA,2,1.4,25770339317.3897,NA,1.34921002388001,NA,NA,98.491828918457,93.6062622070312
"332","ISL",2022,NA,3.515,73.91,51.81,88.112,85.698,NA,75.129,71.841,NA,NA,NA,NA,NA,NA,1.50616002082825,NA,NA,NA,NA,NA,NA,NA,NA,NA,6699.92548037952,NA,NA,NA,48.7723311117246,382003,6.27363193926685,11.5,36685,NA,NA,2,1.3,28696453180.1657,NA,1.58299994468689,NA,NA,99.2326278686523,NA
"333","ISR",2018,NA,8.186,41.216,20.289,84.408,79.281,5.43128113445897,75.004,70.512,NA,NA,NA,1.00878000259399,1.01285004615784,1.01742994785309,1.28968000411987,NA,20.5,1.9,5.3,NA,12.81,2.61,1.42372896473917,NA,3035.32613663784,NA,NA,0.780889511108398,50.3618244133683,8882800,2.01931484013397,20.8,836774,NA,NA,2.9,1.9,376299083108.497,NA,3.36997008323669,NA,NA,95.2465209960938,98.2621994018555
"334","ISR",2019,NA,7.481,39.644,19.102,83.859,79.492,5.55455769737424,74.12,69.487,NA,NA,NA,1.01178002357483,1.01429998874664,1.01716005802155,1.32216000556946,10.3180117827835,20.7,1.9,5.3,NA,NA,NA,2.95137831011462,NA,3114.74855373886,NA,NA,NA,50.3305871515656,9054000,1.74945844686911,20.1,847418,NA,NA,2.9,1.9,400645216358.857,NA,3.55948996543884,NA,NA,94.4649810791016,94.6434020996094
"335","ISR",2020,NA,6.918,34.858,18.18,82.834,78.098,5.55455769737424,71.89,67.302,NA,NA,NA,1.01163995265961,1.01328003406525,1.01514995098114,1.31061005592346,NA,20.2,2,5.5,NA,NA,NA,-4.5247704471506,NA,3322.78131299576,NA,NA,0.763505160808563,50.3029075121336,9215100,-3.73449084409626,19.2,863262,NA,NA,2.8,1.8,410768352657.612,NA,3.60929989814758,NA,NA,99.2558517456055,98.6999664306641
"336","ISR",2021,NA,6.759,33.097,18.162,82.885,77.759,5.55455769737424,71.187,67.115,NA,NA,NA,NA,NA,NA,1.30814003944397,NA,19.5,2,5.6,17.55,NA,NA,6.93972447436131,NA,3708.05114376756,NA,NA,NA,50.2784491651222,9371400,7.56395048301559,19.7,887760,NA,NA,2.8,1.8,489851549972.347,NA,3.48038005828857,NA,NA,95.2168426513672,94.2753219604492
"337","ISR",2022,NA,6.737,37.227,19.051,83.351,78.597,NA,72.346,68.531,NA,NA,NA,NA,NA,NA,1.30251002311706,NA,NA,NA,NA,NA,NA,NA,NA,NA,4008.77341979775,NA,NA,NA,50.2528739773733,9557500,4.19414564339442,19,902966,NA,NA,2.7,1.8,525181008025.57,NA,3.46923995018005,NA,NA,95.1920471191406,93.7617263793945
"338","ITA",2018,NA,4.064,46.813,23.07,76.392,73.6,4.0925860858883,71.334,63.48,NA,NA,NA,0.96739000082016,0.978990018367767,0.986259996891022,1.26952004432678,NA,15.2,1.9,6.1,25.13,NA,NA,1.19018990320427,NA,3732.51046145279,NA,NA,0.759639143943787,51.260155157734,60148658,0.581227670101029,7.3,4630438,NA,NA,2.7,1.9,2099435266458.67,NA,1.73354995250702,NA,NA,98.6625671386719,99.1265029907227
"339","ITA",2019,NA,3.68,46.34,22.844,76.398,73.409,3.85203237187571,70.978,63.123,NA,NA,1,0.981119990348816,0.983399987220764,0.984809994697571,1.2747700214386,5.50478804647942,15,2.1,6.3,NA,NA,NA,0.914853921636364,NA,4016.7138935684,NA,NA,NA,51.2283092125386,59729081,1.13464411867925,7,4640170,NA,NA,2.6,1.8,2019606796583.53,NA,1.75471997261047,NA,NA,97.9685974121094,98.7175903320312
"340","ITA",2020,NA,3.295,44.79,21.287,76.109,72.014,3.85203237187571,69.311,61.367,NA,NA,NA,0.999210000038147,0.990440011024475,0.985260009765625,1.28111004829407,NA,15.6,2.1,6.3,NA,NA,NA,-9.0016933631078,NA,4239.94846316011,NA,NA,0.73801600933075,51.2130611088932,59438851,-8.42323993924451,6.8,4636200,NA,NA,2.5,1.8,1907481094079.23,NA,1.62100005149841,NA,NA,98.5968322753906,99.8526382446289
"341","ITA",2021,NA,3.016,44.498,20.982,77.183,73.982,3.85203237187571,69.522,61.715,NA,NA,NA,NA,NA,NA,1.28182005882263,NA,15.3,2.3,6.5,NA,NA,NA,6.7474771304898,NA,4655.69188074316,NA,NA,NA,51.1907964844754,59133173,9.49416108466208,6.8,4649000,NA,NA,2.5,1.7,2179207773596.09,2.85778045654296,2.18284010887146,2.57036685943603,NA,97.6851272583008,99.17578125
"342","ITA",2022,NA,2.988,44.675,21.295,77.317,74.196,NA,70.194,62.3,NA,NA,NA,NA,NA,NA,1.28881001472473,NA,14.6,2.5,6.8,NA,NA,NA,NA,NA,4981.17700236776,NA,NA,NA,51.1741502901234,59013667,5.0334454866795,6.7,4640144,NA,NA,2.4,1.7,2104067630319.46,NA,2.59249997138977,NA,NA,96.9419174194336,95.8245315551758
"343","JOR",2018,2.2,24.292,65.719,6.515,71.896,50.878,2.68685943810871,58.613,36.158,56.7,NA,0.980000019073486,0.981930017471313,1.00223994255066,1.03314995765686,1.27227103304697,NA,NA,NA,NA,NA,6.36,1.25,NA,97.6,685.204428083082,77.8,58.2,0.575492382049561,48.2217782580628,10462306,-0.302781677584093,22.677,789822,50.35248,49.64752,14,8.8,43370860704.2254,NA,2.08885206285896,NA,79.66851,95.0934274914985,92.7149369886564
"344","JOR",2019,NA,22.573,64.913,5.689,69.451,47.725,2.61323882375111,63.106,40.069,NA,NA,NA,0.983349978923798,1.0001300573349,1.02483999729156,1.26604309600498,10.01022905335,NA,NA,NA,NA,NA,NA,NA,NA,704.697749311858,NA,NA,NA,48.2551499073594,10671891,-0.247049289948436,22.236,832784,NA,NA,13.6,8.5,44503006338.0282,NA,2.11414599236641,NA,NA,96.3266970596846,95.3365270464671
"345","JOR",2020,NA,20.981,65.03,6.926,69.242,48.634,2.72773336667567,62.322,39.614,NA,NA,NA,0.987240016460419,1.00542998313904,1.03022003173828,1.29192887114506,NA,NA,NA,NA,NA,NA,NA,NA,NA,697.701000201198,NA,NA,0.580353617668152,48.2910757409854,10865228,-2.86253982856009,21.726,880227,NA,NA,13.3,8.3,43700383098.5916,NA,1.93578510119893,NA,NA,97.0451790863878,96.5012912872095
"346","JOR",2021,NA,19.418,63.72,5.096,72.644,50.364,2.84222790960026,60.047,36.779,NA,NA,NA,0.987789988517761,1.00218999385834,1.02014994621277,1.33333022423316,NA,NA,NA,NA,NA,NA,NA,NA,NA,750.937172824338,NA,NA,NA,48.329386837004,11066356,1.77173055809841,21.309,945068,NA,NA,12.9,8,46296100140.8451,19.7351684570312,2.89829817277687,47.5656700134277,NA,96.1706725977528,95.8661977294474
"347","JOR",2022,NA,18.875,65.718,5.566,70.66,49.265,NA,61.58,38.336,NA,NA,NA,NA,NA,NA,1.34566162211515,NA,NA,NA,NA,NA,NA,NA,NA,NA,767.449635621773,NA,NA,NA,48.3639420681676,11256263,0.915646680170994,20.922,990015,NA,NA,12.6,7.8,48764963380.2817,NA,2.20092982291494,NA,NA,95.5061090894306,94.7917820697465
"348","KAZ",2018,NA,23.453,NA,NA,NA,NA,2.84719578608872,NA,NA,NA,NA,NA,1.01719999313354,1.01218998432159,1.00812995433807,1.17111516860805,NA,3.8,4.3,9.8,NA,2.61,0.13,-0.993327449908705,NA,711.55778408746,NA,NA,0.807867705821991,51.8748091598215,18932727,2.5560669084423,21.702,1842919,48.93286,51.06714,8.2,4.7,179339977690.485,NA,4.40811614314008,NA,100.51496,98.055698690218,94.9599251393466
"349","KAZ",2019,NA,22.036,NA,NA,NA,NA,3.26478464137584,NA,NA,NA,NA,NA,1.01801002025604,1.01346004009247,1.00978004932404,1.17326470111301,5.12469470440264,3.7,4.3,9.8,NA,2.91,0.1,5.08210180348581,NA,737.960061879813,NA,NA,NA,51.6738258642639,19209555,2.99405538115775,21.424,1926999,48.956,51.044,8.1,4.7,181667184854.501,NA,3.41947402980424,NA,105.97676,95.6825692978913,96.0184450996543
"350","KAZ",2020,NA,21.962,NA,NA,NA,NA,3.26478464137584,NA,NA,NA,NA,NA,0.997829973697662,0.999840021133423,1.00129997730255,1.16354430390764,NA,3.2,4.3,9.8,NA,3.43,0.27,-0.159015307582962,NA,967.655231463756,NA,NA,0.652432024478912,51.4790974717994,19482117,-3.86406094514987,22.57,2023192,NA,NA,8,4.8,171082365861.423,NA,11.0292355539252,NA,NA,96.830241711911,89.9445659289385
"351","KAZ",2021,NA,21.952,NA,NA,NA,NA,3.26478464137584,NA,NA,NA,NA,NA,NA,NA,NA,1.17177405469217,NA,3.1,4.3,9.8,8.62,3.72,0.17,-7.21518074861663,NA,1088.21722840855,NA,NA,NA,51.3711960273918,19743603,2.91864170117744,23.271,2158467,NA,NA,7.9,4.8,197112255360.612,1.22705841064453,11.4639064213796,6.28512477874755,NA,92.9505950621927,90.2000330633163
"352","KAZ",2022,NA,18.412,NA,NA,NA,NA,NA,NA,NA,NA,NA,NA,NA,NA,NA,1.18331979847877,NA,NA,NA,NA,NA,NA,NA,NA,NA,1129.01131017704,NA,NA,NA,51.3419379106394,20034609,1.70100297910589,20.819,2253412,NA,NA,7.7,4.6,225496328925.494,NA,10.7949411070704,NA,NA,100.27414369787,91.0264427095264
"353","KGZ",2018,NA,37.479,41.18,12.86,87.01,62.56,4.99885355093624,80.06,63.46,NA,4.5,NA,0.993480026721954,0.996949970722198,0.999830007553101,1.22651850370916,NA,3.8,4.3,9.9,3.81,NA,NA,8.23348520267007,99.8,262.583657269885,NA,NA,0.614835500717163,50.4458718848416,6444079,1.54586820248004,27.1,675200,49.0348,50.9652,16.7,11.9,8271106235.41552,NA,2.51173455207979,NA,105.47514,95.831204995963,92.7067501570511
"354","KGZ",2019,NA,37.279,NA,NA,NA,NA,5.28774211900058,NA,NA,NA,4.5,NA,0.987770020961761,0.993589997291565,0.998409986495972,1.22046177489358,10.4414310543389,3.8,4.1,9.6,NA,4.29,0.99,-10.5741280491489,NA,231.852995708269,NA,NA,NA,50.4791166784775,6590211,2.28120088774463,26.9,697776,NA,NA,16.1,11.5,9371275264.36735,NA,3.12305911320997,NA,NA,105.782835531092,92.0664925751257
"355","KGZ",2020,NA,32.51,NA,NA,NA,NA,5.28774211900058,NA,NA,NA,4.5,NA,0.996349990367889,0.998260021209717,0.999859988689423,1.18826154438435,NA,5,4,9.4,NA,4.91,0.83,-0.449130730635716,NA,247.157177999943,NA,NA,0.616739988327026,50.5050840025996,6726596,-9.03157714073227,24,729304,NA,NA,15.6,11.3,8270468614.24051,NA,5.03930518353478,NA,NA,99.4133150676772,94.6835769719984
"356","KGZ",2021,NA,29.623,NA,NA,NA,NA,5.28774211900058,NA,NA,NA,4.5,NA,0.995109975337982,1.00077998638153,1.00498998165131,1.16126877559372,NA,4.4,4.1,9.5,NA,NA,NA,-7.11164143417436,NA,288.014278227514,NA,NA,NA,50.5333862914907,6851224,3.58776993335192,22.4,772498,NA,NA,15.3,11.1,9249133946.26531,NA,3.90068243920524,NA,NA,93.6647943970599,92.6904109589041
"357","KGZ",2022,NA,28.854,NA,NA,NA,NA,NA,NA,NA,NA,4.5,NA,NA,NA,NA,1.10984828113103,NA,4,4.4,10,NA,NA,NA,NA,NA,310.737291516241,NA,NA,NA,50.5510518721962,6975220,7.03042869604123,21.5,NA,NA,NA,15.1,11,12134931017.9465,NA,3.35998803766775,NA,NA,96.8256634195499,94.3068464693136
"358","KHM",2018,NA,51.007,NA,NA,NA,NA,1.76374090999532,NA,NA,NA,4,NA,0.97404807806015,NA,NA,0.983928370437849,NA,NA,NA,NA,NA,NA,NA,6.26152819710467,NA,257.991280970794,NA,NA,NA,51.123633615783,16274522,7.43177030242717,23.372,911950,NA,NA,24.4,14.4,33145892168.8958,NA,11.2096500396728,NA,102.31129,83.3586767680131,57.7362392342555
"359","KHM",2019,NA,50.2,85.883,74.981,79.174,65.791,1.76374090999532,76.492,70.212,NA,4,1.00999999046326,0.969961822032928,NA,NA,1.2183426494789,23.0343168225405,NA,NA,NA,NA,17.86,4.92,8.28574509405119,NA,313.470156961497,NA,NA,NA,51.1119690529342,16481304,6.58272364852731,22.988,935701,NA,NA,23.5,13.8,36685356407.7206,9.36578369140625,9.5363302230835,86.2060241699218,NA,85.0183449530515,57.1509180036374
"360","KHM",2020,NA,48.594,86.573,76.742,86.269,76.474,1.76374090999532,85.042,82.27,NA,4,1.0230891643794,0.96986997127533,1.00029003620148,1.08493995666504,1.12481629197093,NA,NA,NA,NA,NA,NA,NA,1.320857460041,NA,314.832905075518,NA,NA,NA,51.0887554570206,16725474,-4.96368199399319,22.409,990576,NA,NA,22.6,13.2,34818073901.4851,NA,9.89175033569336,NA,NA,93.2106704711914,59.046760559082
"361","KHM",2021,NA,47.847,83.998,74.334,82.945,72.786,1.76374090999532,89.219,85.625,NA,4,1.02999997138977,0.981125771999359,1.03767263889313,1.14830851554871,1.02282407212162,NA,NA,NA,NA,NA,NA,NA,-2.42317223089367,NA,353.707657083609,NA,NA,NA,51.0618578456168,16974305,1.57862051553379,21.905,1062356,NA,NA,21.9,12.7,36790163687.4421,NA,10.9249549988999,NA,NA,93.9611353172397,59.0384436735223
"362","KHM",2022,2.4,47.089,NA,NA,NA,NA,NA,NA,NA,60.8,4,NA,NA,NA,NA,0.890927022218479,NA,NA,NA,NA,NA,NA,NA,NA,NA,333.341671151302,87.8,80.3,NA,51.04064569342,17201724,3.74000920032628,21.279,1093968,NA,NA,21.1,12.3,39994532959.6074,NA,14.9412051533332,NA,NA,89.4934236758095,62.952012808602
"363","KOR",2018,NA,1.179,57.759,41.22,80.309,62.664,3.76295083608972,71.801,62.755,NA,NA,NA,0.99822998046875,0.995530009269714,0.992890000343323,0.810829997062683,NA,14.2,2.7,7.1,NA,11.96,2.87,0.615888135460779,NA,3208.75899564561,NA,NA,0.85276734828949,49.9694641227551,51585058,2.46224621613314,6.4,2893979,NA,NA,2.7,1.5,1725373496825.43,NA,1.89239001274109,NA,NA,96.4279479980469,98.9808731079102
"364","KOR",2019,NA,0.925,56.783,42.028,80.116,63.135,3.84041475855001,71.693,62.713,NA,NA,NA,0.998579978942871,0.9964200258255,0.99371999502182,0.82438999414444,12.8287871492843,13.5,2.9,7.4,NA,NA,NA,-1.12225964796505,NA,3564.59472960944,NA,NA,NA,50.0022475340727,51764822,1.8889146004307,5.9,2726376,NA,NA,2.6,1.4,1651422932447.77,2.49903869628906,0.94310998916626,0.808050751686096,NA,99.9123611450195,102.034568786621
"365","KOR",2020,NA,0.799,56.039,41.812,79.172,62.209,3.84041475855001,70.585,61.529,NA,NA,NA,0.998160004615784,0.9964200258255,0.994369983673096,0.832859992980957,NA,12.5,3.1,7.6,NA,NA,NA,-1.37854553150645,NA,3770.28327835035,NA,NA,0.814612150192261,50.0497691014127,51836239,-0.846212237799236,5.3,2673796,NA,NA,2.5,1.4,1644312831906.17,NA,1.45021998882294,NA,NA,101.17008972168,95.6764602661133
"366","KOR",2021,NA,0.539,55.389,40.677,79.65,63.443,3.84041475855001,69.888,61.316,NA,NA,NA,NA,NA,NA,0.845239996910095,NA,12.7,2.9,7.5,31.73,NA,NA,3.25852998449514,NA,4344.08481094399,NA,NA,NA,50.0925139480684,51769539,4.43912129317819,5.1,2671594,NA,NA,2.4,1.3,1818432106880.04,NA,1.61061000823975,NA,NA,98.452751159668,94.6069793701172
"367","KOR",2022,NA,0.651,54.361,40.261,80.593,65.369,NA,71.318,62.751,NA,NA,NA,NA,NA,NA,0.85522997379303,NA,NA,NA,NA,NA,NA,NA,NA,NA,4859.74592798416,NA,NA,NA,50.0977183184933,51672569,2.80523762871836,4.9,2631966,NA,NA,2.4,1.2,1673916511799.71,NA,1.21000003814697,NA,NA,95.5902099609375,98.1592636108398
"368","LAC",2018,NA,60.5799485122352,70.403028004365,40.9526746677865,86.6844013059311,75.9898363727801,5.13589676924611,82.4625093235776,70.5678941043878,NA,3.42857142857143,1.00348997116089,0.985960006713867,1.01467001438141,1.04370999336243,1.22004997730255,NA,NA,NA,NA,NA,NA,NA,-0.724757118649791,NA,1249.99086594761,NA,NA,NA,50.679009458777,567711159,0.523270634954187,16.1393914301022,59062708,50.1499,49.8501,14.7679407872851,9.64254291222497,4807492365803.41,NA,NA,NA,100.1628,96.1304016113281,83.9272384643555
"369","LAC",2019,NA,58.1827474043793,69.9603911978878,40.9497738309148,86.3851654618669,76.1634483223546,5.06888858836336,82.7924111569036,70.9700904782598,NA,3.42857142857143,1.00338995456696,0.986199975013733,1.01716005802155,1.04849004745483,1.22780001163483,13.4567713540493,NA,NA,NA,NA,NA,NA,0.0252787690298533,NA,1284.06936085475,NA,NA,NA,50.6931496762361,573311679,-0.382705834252477,15.7203555099389,58459580,NA,NA,14.4913290901461,9.58592504018209,4739266496719.49,NA,NA,NA,NA,95.7852325439453,83.9469680786133
"370","LAC",2020,NA,55.279513717372,63.1278557538318,35.3707203359821,83.9494014792624,72.4371278710854,4.91513126217901,78.1072258160796,65.7315799946351,NA,3.42857142857143,1.00345003604889,0.982829988002777,1.0171799659729,1.05157995223999,1.24842000007629,NA,NA,NA,NA,NA,NA,NA,-7.23680236681768,NA,1286.21913341673,NA,NA,NA,50.7144422542769,578091505,-7.29649864156184,15.1753094485552,57916664,NA,NA,14.2127372030552,9.48080968379613,3984427319010.97,NA,NA,NA,NA,95.8142929077148,84.3473815917969
"371","LAC",2021,NA,53.8283433893739,68.0727188286355,38.8493591264635,85.3945854102953,74.1849492599335,4.87211151398929,81.6854911784395,69.6739242400075,NA,3.42857142857143,1.00358998775482,NA,NA,NA,1.27052998542786,NA,NA,NA,NA,NA,NA,NA,3.19108410199756,NA,1431.46022441276,NA,NA,NA,50.7461152515783,581884231,6.17382231524681,14.9365918972326,57634532,NA,NA,13.9215782793868,9.2364089751173,4629099312241.86,NA,NA,NA,NA,96.2103576660156,85.5908126831055
"372","LAC",2022,NA,52.087815992828,67.7354568085444,39.3096208355059,86.2251347965481,75.9644910720727,NA,82.2487826697504,70.2850979040546,NA,3.42857142857143,1.00364005565643,NA,NA,NA,1.27737998962402,NA,NA,NA,NA,NA,NA,NA,NA,NA,1505.64539368693,NA,NA,NA,50.7710159778046,585648822,3.18417338934982,14.6557406646828,57281424,NA,NA,13.6510686282049,8.87065476648189,5325687016147,NA,NA,NA,NA,95.6665725708008,84.4947967529297
"373","LAO",2018,NA,84.175,NA,NA,NA,NA,2.61316360845178,NA,NA,NA,4,NA,0.962274074554443,0.948159754276276,0.933759808540344,1.08568803626051,NA,10.3,3,7,3.21,NA,NA,NA,NA,173.027695411796,NA,NA,0.465173482894898,49.7044841888624,7128045,4.60986171989208,23.599,678082,47.56735,52.43265,41.9,22.6,18141641089.7963,NA,7.81768358138105,NA,100.13518,97.4631994804633,64.7473693119305
"374","LAO",2019,NA,84.037,NA,NA,NA,NA,2.61316360845178,NA,NA,NA,4,NA,0.965516924858093,0.951043486595154,0.936084747314453,1.12590103996173,25.6405037340773,NA,NA,NA,NA,6.75,3.01,NA,NA,212.542057045994,NA,NA,NA,49.7099397800525,7237636,3.86091278109465,23.151,666115,NA,NA,40.4,22,18740561512.5555,9.35427093505859,7.65241554608951,97.0074920654296,NA,93.2363626541334,63.537403485085
"375","LAO",2020,NA,83.548,NA,NA,NA,NA,2.61316360845178,NA,NA,NA,4,NA,0.967871189117432,0.956714570522308,0.94508683681488,1.14341462834891,NA,NA,NA,NA,NA,NA,NA,NA,NA,164.288755351058,NA,NA,0.465303003787994,49.721562538411,7346533,-0.986715601107164,22.618,641503,NA,NA,39,21.5,18981805250.2424,NA,7.68937512584737,NA,NA,90.0600985886961,60.6956135849894
"376","LAO",2021,NA,82.821,NA,NA,NA,NA,2.61316360845178,NA,NA,NA,4,NA,0.972314178943634,0.963008999824524,0.953078925609589,1.13214459831569,NA,NA,NA,NA,NA,NA,NA,NA,NA,234.317617515288,NA,NA,NA,49.7333827260343,7453194,1.06109059992194,22.147,617999,NA,NA,37.7,21,18827148530.9347,NA,7.7298555925831,NA,NA,90.1232066142498,60.5250596658711
"377","LAO",2022,NA,82.431,73.3,65.98,79.225,76.275,NA,69.064,64.853,NA,4,0.975873856235141,NA,NA,NA,1.02415029260816,NA,NA,NA,NA,NA,NA,NA,NA,NA,188.931780249903,NA,NA,NA,49.7401047518543,7559007,1.2697005231296,21.693,590621,NA,NA,36.4,20.5,15468785203.7532,NA,9.84647640373484,NA,NA,88.279722166026,58.0639028828266
"378","LBN",2018,NA,22.341,NA,NA,NA,NA,2.1,NA,NA,NA,NA,0.980000019073486,NA,NA,NA,1.25454455176784,NA,NA,NA,NA,NA,NA,NA,-1.90632243114223,NA,1474.2859572392,NA,NA,NA,51.000105445764,5984119,1.00112836973221,18.09,402502,51.19602,48.80398,12.3,8.3,54901519155.5556,NA,25.382575048368,NA,NA,68.8675188616551,59.3119011798242
"379","LBN",2019,NA,22.046,77.133,17.922,71.317,51.635,2.1,63.612,41.779,NA,NA,0.974850669774055,NA,NA,NA,1.23959448754796,5.55337748107005,NA,NA,NA,NA,NA,NA,-4.14759991407324,NA,1553.97223905963,NA,NA,NA,51.2799861388045,5794594,-3.87037166908469,17.622,406169,NA,NA,12.8,8.8,51605959131.2741,NA,25.9854202165248,NA,NA,69.3005831691963,61.5730246925962
"380","LBN",2020,NA,21.76,NA,NA,NA,NA,2.1,NA,NA,NA,NA,NA,NA,NA,NA,NA,NA,NA,NA,NA,NA,NA,NA,-24.3912657071164,NA,896.647432846274,NA,NA,NA,51.4235940739317,5702398,-20.1290983815185,16.912,410724,NA,NA,13.5,9.3,31712128253.7961,NA,26.8980699638118,NA,NA,69.6094178114548,60.9596728934499
"381","LBN",2021,NA,21.366,NA,NA,NA,NA,2.1,NA,NA,NA,NA,NA,NA,NA,NA,NA,NA,NA,NA,NA,NA,NA,NA,-16.4330546459944,NA,519.171108830177,NA,NA,NA,51.4225999375319,5718122,-7.25697163046323,16.573,424028,NA,NA,14.3,9.9,23131941556.7843,NA,28.2079748913047,NA,NA,66.6327135343359,66.3623970126252
"382","LBN",2022,NA,21.109,NA,NA,NA,NA,NA,NA,NA,NA,NA,NA,NA,NA,NA,NA,NA,15.4,2.8,6.8,NA,NA,NA,NA,NA,653.259384259288,NA,NA,NA,51.412684400649,5744489,-1.07782192621244,16.372,410207,NA,NA,15.1,10.5,20992421948.8081,NA,27.4740782196867,NA,NA,69.2872155384838,61.1909611094947
"383","LCN",2018,NA,60.1081989627367,70.2203752760217,40.8358068209983,86.747768549741,76.0981221375921,5.14789810476646,82.3052764981855,70.4914665013982,NA,3.375,1.00348997116089,0.985099971294403,1.01449000835419,1.04472005367279,1.23585999011993,NA,NA,NA,NA,NA,NA,NA,-0.525596342402324,NA,1300.69233274828,NA,NA,NA,50.6650691055986,635778081,0.732309442471461,15.9737670052658,64177412,50.13663,49.86337,14.9,9.8,5742372094087.7,NA,NA,NA,100.0131,95.9440994262695,83.8777236938477
"384","LCN",2019,NA,57.6566252702532,69.7142033763205,40.8390235237288,86.4742170361825,76.304993513517,5.11853616126196,82.5662672301432,70.8791612693577,NA,3.375,1.00341999530792,0.985350012779236,1.01665997505188,1.0489000082016,1.24197995662689,13.2670385930236,NA,NA,NA,NA,9.85,1.95,0.296835464351688,NA,1281.86440377577,NA,NA,NA,50.6796395368874,640962372,-0.131553065914488,15.5087015507488,63640988,NA,NA,14.6,9.7,5659843769808.14,3.339850903,NA,22.16720963,NA,95.8092422485352,84.0103225708008
"385","LCN",2020,NA,54.7793967169965,62.6716895500431,34.9748452222266,83.9058076772697,72.5291849147256,4.9926781841544,77.7036511801426,65.4372221799501,NA,3.375,1.00346004962921,0.98224002122879,1.01661002635956,1.05169999599457,1.2602299451828,NA,NA,NA,NA,NA,NA,NA,-7.3488574642754,NA,1288.89224741023,NA,NA,NA,50.7018666861065,645497651,-7.27383064858172,14.9391243065887,63136408,NA,NA,14.3,9.6,4805921371470.46,NA,NA,NA,NA,96.0639114379883,84.5259704589844
"386","LCN",2021,NA,53.2575091748117,67.6372931306845,38.4150609958664,85.4125500976869,74.275844355937,4.95272217638236,81.3355350249293,69.3604072930275,NA,3.375,1.00358998775482,NA,NA,NA,1.28033995628357,NA,NA,NA,NA,NA,NA,NA,3.3734512751999,NA,1435.13407489134,NA,NA,NA,50.732979127417,649234493,6.46573438273843,14.6690435740265,62994980,NA,NA,14.1,9.4,5581814290255.75,NA,NA,NA,NA,96.6774826049805,85.8738479614258
"387","LCN",2022,NA,51.6840681729037,67.4144228699571,39.0401406213158,86.1769648438275,76.0506762867217,NA,81.9376688401397,70.0757639878576,NA,3.375,1.00363004207611,NA,NA,NA,1.28570997714996,NA,NA,NA,NA,NA,NA,NA,NA,NA,1518.35054738624,NA,NA,NA,50.7572594199895,653104795,3.35286345770662,14.4234270517153,62734692,NA,NA,13.8,9,6345587523480.55,NA,NA,NA,NA,96.4150390625,85.1171569824219
"388","LDC",2018,NA,96.1376863735042,NA,NA,NA,NA,2.52302298582275,NA,NA,NA,3.05952380952381,0.933049976825714,0.948589980602264,0.941479980945587,0.925639986991882,0.716579973697662,NA,NA,NA,NA,NA,NA,NA,5.94001260949358,NA,119.771807547198,NA,NA,NA,50.3674591139263,1033110314,2.20118273352357,32.6425020268958,66683048,47.44486,52.55514,45.5085858986774,27.1081692166776,1107881528995.12,NA,NA,NA,117.1285,70.6848678588867,45.8658103942871
"389","LDC",2019,NA,94.9042166923707,NA,NA,NA,NA,2.41277938590539,NA,NA,NA,3.05813953488372,0.938610017299652,0.95168000459671,0.943490028381348,0.925050020217896,0.720830023288727,44.2003362675912,NA,NA,NA,NA,NA,NA,7.1645842824895,82.2421976425173,124.234667202033,NA,NA,NA,50.3551523125045,1058013514,2.62811945672274,32.4105852549942,68401280,NA,NA,44.3125367635008,26.5724218685569,1168244060712.21,NA,NA,NA,NA,70.8081436157227,46.2022285461426
"390","LDC",2020,NA,93.908882012801,NA,NA,NA,NA,2.39057097375817,NA,NA,NA,3.1046511627907,0.942770004272461,0.954509973526001,0.947740018367767,0.932940006256104,0.735029995441437,NA,NA,NA,NA,NA,NA,NA,-0.449731258001691,NA,127.681676156754,NA,NA,NA,50.3402143400746,1083636132,-2.46203831134298,32.1482101008838,71079848,NA,NA,42.8731198848264,26.0543118510719,1179759976006.93,NA,NA,NA,NA,71.2626037597656,46.5101699829102
"391","LDC",2021,NA,92.4487646075338,NA,NA,NA,NA,2.40205058950337,NA,NA,NA,3.10714285714286,0.946950018405914,NA,NA,NA,0.748510003089905,NA,NA,NA,NA,NA,NA,NA,1.46812104557787,NA,136.724147053366,NA,NA,NA,50.3294317466169,1109175268,0.453845544449052,31.904386720599,72787336,NA,NA,41.9477612359959,25.5473923408456,1288339633534.37,NA,NA,NA,NA,72.1037673950195,46.5984916687012
"392","LDC",2022,NA,91.2888118094379,NA,NA,NA,NA,NA,NA,NA,NA,3.08139534883721,0.9512699842453,NA,NA,NA,0.758930027484894,NA,NA,NA,NA,NA,NA,NA,NA,NA,143.974328777444,NA,NA,NA,50.3294674253357,1134585604,2.42663718054841,31.6761864741622,74123448,NA,NA,41.9506230406724,25.0925371376805,1445223560465.28,NA,NA,NA,NA,71.0323333740234,46.2516098022461
"393","LIC",2018,NA,103.231024277735,NA,NA,NA,NA,2.8439912092713,NA,NA,NA,2.88636363636364,0.894469976425171,0.919250011444092,0.892610013484955,0.818560004234314,0.647870004177094,NA,NA,NA,NA,NA,NA,NA,NA,NA,114.293421809442,NA,NA,NA,50.2459787083852,529522043,-0.0703770710019569,36.3868939147393,35242732,45.30684,54.69316,49.2,28.4,342687284249.884,NA,26.6000003814697,NA,119.3295,61.0441093444824,34.9907493591309
"394","LIC",2019,NA,101.550359876647,NA,NA,NA,NA,2.80049098553071,NA,NA,NA,2.8695652173913,0.902300000190735,0.922730028629303,0.894339978694916,0.814989984035492,0.659579992294312,47.7187668943195,NA,NA,NA,NA,7.41,1.46,NA,82.7208496177333,117.242076360584,NA,NA,NA,50.2419577953254,544980983,0.521036796135547,36.0508853041355,36679440,NA,NA,47.9,27.9,356930361600.33,29.27857208,26.5,87.89430237,NA,61.7970695495605,35.6463813781738
"395","LIC",2020,NA,100.140418201401,NA,NA,NA,NA,2.84356332897048,NA,NA,NA,2.91304347826087,0.906000018119812,0.926339983940125,0.897710025310516,0.818710029125214,0.667180001735687,NA,NA,NA,NA,NA,NA,NA,NA,NA,121.478323025578,NA,NA,NA,50.2380736613228,560643073,-3.80859099802431,35.7136662122534,38619752,NA,NA,46.3,27.4,340851227778.848,NA,26.3999996185303,NA,NA,62.464298248291,36.2886085510254
"396","LIC",2021,NA,98.816834386563,NA,NA,NA,NA,2.85960538927726,NA,NA,NA,2.97727272727273,0.912400007247925,NA,NA,NA,0.671880006790161,NA,NA,NA,NA,NA,NA,NA,NA,NA,130.457435879417,NA,NA,NA,50.2339143741399,576076618,-1.44560500798346,35.4316870131136,40310332,NA,NA,45.3,26.9,370630013362.636,NA,26.2000007629394,NA,NA,63.0882682800293,36.5763282775879
"397","LIC",2022,NA,97.724880873097,NA,NA,NA,NA,NA,NA,NA,NA,2.91304347826087,0.918910026550293,NA,NA,NA,NA,NA,NA,NA,NA,NA,NA,NA,NA,NA,133.042125734146,NA,NA,NA,50.2306167658411,591481496,0.937505491479683,35.1397391692216,41429844,NA,NA,45.8,26.4,427939606203.123,NA,26.3999996185303,NA,NA,61.8540306091309,36.6162490844727
"398","LKA",2019,NA,15.602,75.671,30.531,85.411,83.842,1.63568884113916,69.248,50.814,NA,4,1,0.995429992675781,NA,NA,1.39348851459989,9.47024212360678,9.4,3.1,7.4,4.9,NA,NA,-1.37925977622973,NA,539.317778043156,NA,NA,NA,51.5619183124949,21803000,-0.829146715022418,14.6,NA,NA,NA,6.2,4.8,88998706296.5783,NA,NA,NA,NA,94.629721629367,93.5339183806405
"399","LKA",2020,NA,15.465,75.547,28.336,82.839,79.904,1.63568884113916,67.542,48.792,NA,NA,1.00999999046326,1.00074994564056,NA,NA,1.39932269737158,NA,NA,NA,NA,NA,NA,NA,-3.6353912521194,NA,539.140690695401,NA,NA,NA,51.5728040565547,21919000,-5.12926234602416,13.8,NA,NA,NA,6,4.6,84335574581.5072,NA,NA,NA,NA,93.4690486936631,95.6959051358094
"400","LKA",2021,NA,15.401,74.273,28.086,81.768,82.6,1.63568884113916,66.845,47.912,NA,NA,1,NA,NA,NA,1.38240128335096,NA,NA,NA,NA,NA,NA,NA,0.657311346694826,NA,574.874223381448,NA,NA,NA,51.58537049525,22156000,3.09278196860629,12.9,2598417,NA,NA,5.8,4.5,88556698937.7033,NA,NA,NA,NA,97.1242008560728,97.6412645688547
"401","LKA",2022,NA,15.122,73.172,28.052,82.491,80,NA,67.812,48.778,NA,4,1.00999999046326,NA,NA,NA,1.3970118571206,NA,NA,NA,NA,NA,NA,NA,NA,NA,610.668653793826,NA,NA,NA,51.5987784522551,22181000,-7.45361888091261,12.4,2548650,NA,NA,5.5,4.3,74143020262.8076,NA,6.8235767518218,NA,NA,96.0834713480128,96.3678244958303
"402","LMC",2018,NA,44.194261403585,73.6680993352739,27.145014700593,81.6168740214143,44.1430670592468,2.9847115919274,63.5022556018289,45.6724330193278,NA,3.33333333333333,0.956279993057251,0.991349995136261,0.996980011463165,1.00181996822357,1.00128996372223,NA,NA,NA,NA,NA,NA,NA,4.39599324873063,NA,220.904439808802,NA,NA,NA,49.2156143947363,2888561818,3.95135786579137,22.4632146073091,246314560,47.94685,52.05315,38,24.9,6004619221945.02,NA,12.8999996185303,NA,101.1386,87.0213088989258,72.9758834838867
"403","LMC",2019,NA,43.2951181900002,72.3838520812984,35.8627505879609,82.0970342377971,53.1986817888028,2.96965306806658,66.5775148782936,50.9616169786117,NA,3.37837837837838,0.955200016498566,0.992680013179779,0.99932998418808,1.00541996955872,1.02558994293213,29.6983680706224,NA,NA,NA,NA,15.68,5.33,2.64521495869452,85.132642296421,234.946117066903,NA,NA,NA,49.222269371374,2928617292,2.64729564404742,21.9567930328921,249200336,NA,NA,36.8,24.2,6308107724476.6,8.557703972,12.5,55.43527603,NA,86.7450714111328,72.7596282958984
"404","LMC",2020,2.21670364999767,42.6035407342331,74.9608871878429,32.8920963677776,83.1639496536879,46.828441893826,2.99265773621914,67.4211303004467,49.7695406378077,NA,3.40277777777778,0.958419978618622,0.991900026798248,0.994870007038116,0.996580004692078,1.02978003025055,NA,NA,NA,NA,NA,NA,NA,-5.33501514933262,NA,244.09645522475,NA,NA,NA,49.2295852078979,2968398856,-4.89356793309113,21.4577817098943,255693856,NA,NA,35.6,23.4,6110254911277.36,NA,12.1000003814697,NA,NA,87.7509078979492,73.8007125854492
"405","LMC",2021,NA,42.2803797423032,74.1563450025733,34.9878071155118,82.3411184318157,47.6334373360999,3.01427794144935,65.9779540270023,49.1388086383002,67.7700741663609,3.38888888888889,0.961210012435913,NA,NA,NA,1.02130997180939,NA,NA,NA,NA,NA,NA,NA,5.18461843074256,NA,278.695604591063,NA,NA,NA,49.2402927523706,3006243027,5.31531659947559,21.1898929518099,263061248,NA,NA,34.6,22.8,6921716347320.78,NA,11.6999998092651,NA,NA,88.135612487793,74.6117782592773
"406","LMC",2022,NA,42.0659679822378,74.1441719189415,43.0845460180341,83.2735861085495,52.9877268538415,NA,68.6886135625052,54.0854279385854,NA,3.43243243243243,0.964010000228882,NA,NA,NA,1.01126003265381,NA,NA,NA,NA,NA,NA,NA,NA,NA,305.247500652796,NA,NA,NA,49.2554441399749,3043358377,4.83355948528796,21.0265527270346,266693840,NA,NA,33.5,22.1,7377558874199.93,NA,11.3000001907349,NA,NA,94.1345596313477,74.7350769042969
"407","LMY",2018,NA,45.4715895686781,NA,NA,NA,NA,2.88623501328533,NA,NA,NA,3.23943661971831,0.966149985790253,0.980260014533997,0.98497998714447,0.990419983863831,1.08800995349884,NA,NA,NA,NA,NA,NA,NA,1.93028509808195,NA,504.727408159865,NA,NA,NA,49.4874993555705,6169917356,3.7210240075008,19.6707830385991,505778848,47.88991,52.11009,31.9909093598889,20.071846660622,29904746273220.3,NA,NA,NA,104.1389,86.2269897460938,73.2665634155273
"408","LMY",2019,NA,44.5567098189816,NA,NA,NA,NA,2.86284750535001,NA,NA,NA,3.25342465753425,0.965889990329742,0.98132997751236,0.986190021038055,0.991639971733093,1.09966003894806,21.7193022623897,NA,NA,NA,NA,NA,NA,2.35854500121175,88.1846994300414,535.065755840022,NA,NA,NA,49.4957095129316,6243849229,2.90353580863056,19.2442289904436,512451392,NA,NA,31.2901423668018,19.6549817512233,30622477245854.4,10.17779446,NA,57.74860764,NA,86.1095962524414,73.8244781494141
"409","LMY",2020,NA,43.5513201370492,NA,NA,NA,NA,2.75981901587875,NA,NA,NA,3.26056338028169,0.967459976673126,0.980660021305084,0.983560025691986,0.986280024051666,1.09888005256653,NA,NA,NA,NA,NA,NA,NA,-3.15585356336412,NA,561.184086962696,NA,NA,NA,49.5074931749396,6314223170,-2.16018821379078,18.5012023129496,523227104,NA,NA,30.9592983669989,19.5452180469979,29667488251107.8,NA,NA,NA,NA,86.3005981445312,75.3281478881836
"410","LMY",2021,NA,43.0670367301704,NA,NA,NA,NA,2.73920210235331,NA,NA,NA,3.27857142857143,0.969269990921021,NA,NA,NA,1.09510004520416,NA,NA,NA,NA,NA,NA,NA,5.11854765767478,NA,617.276289073826,NA,NA,NA,49.5235876325024,6378645843,6.32935929819176,18.1150696964672,536349184,NA,NA,30.5311414233056,19.2775958614638,34992770913888.4,NA,NA,NA,NA,86.9543685913086,75.819709777832
"411","LMY",2022,NA,42.6088838868308,NA,NA,NA,NA,NA,NA,NA,NA,3.27777777777778,0.971180021762848,NA,NA,NA,1.08667004108429,NA,NA,NA,NA,NA,NA,NA,NA,NA,651.355689904149,NA,NA,NA,49.5399454546124,6438272260,2.9962609120672,17.8291258861381,545346368,NA,NA,30.3477935620875,18.9837277040373,36712853300728.5,NA,NA,NA,NA,89.6033096313477,75.7171173095703
"412","LSO",2018,NA,80.001,NA,NA,NA,NA,6.27066910468114,NA,NA,NA,4,1.05999994277954,0.950330018997192,1.04179000854492,1.23179304599762,1.33870059773711,NA,NA,NA,NA,NA,NA,NA,2.14105659496691,91.3,289.493308154804,NA,NA,NA,51.3698231775648,2183603,-2.67593907523207,27.361,NA,NA,NA,64.9,32.1,2556247291.99785,NA,18.954747598194,NA,NA,96.7920540997464,54.2112299465241
"413","LSO",2019,NA,76.564,66.038,46.224,91.313,86.009,6.27066910468114,87.06,69.216,NA,4,1.04454551079475,0.951355755329132,1.04413771629333,1.23651611804962,NA,42.1882542295161,NA,NA,NA,NA,NA,NA,2.54722411414777,NA,565.592547409672,NA,NA,NA,51.357673219713,2209405,-2.56925986092637,26.44,NA,NA,NA,63.3,31.4,2390702295.82777,NA,19.764419712772,NA,NA,85.922919194878,51.3668705529896
"414","LSO",2020,NA,74.143,NA,NA,NA,NA,6.27066910468114,NA,NA,NA,4,NA,NA,NA,NA,NA,NA,NA,NA,NA,NA,NA,NA,-1.98081789626831,NA,249.295485754789,NA,NA,NA,51.3444849681938,2235727,-9.23727098640387,25.628,NA,NA,NA,61.2,30.7,2053699870.07191,NA,23.6202705501477,NA,NA,79.5408860657715,57.3659198913781
"415","LSO",2021,NA,73.048,NA,NA,NA,NA,6.27066910468114,NA,NA,NA,4,NA,NA,NA,NA,NA,NA,NA,NA,NA,NA,NA,NA,-2.00401825412381,NA,279.864020174344,NA,NA,NA,51.3306849928058,2261542,1.09935886499268,24.896,NA,NA,NA,59.8,30,2412130021.64641,NA,29.6315616815544,NA,NA,84.1751905532957,NA
"416","LSO",2022,NA,71.785,NA,NA,NA,NA,NA,NA,NA,NA,4,NA,NA,NA,NA,NA,NA,NA,NA,NA,NA,NA,NA,NA,NA,364.718462978243,NA,NA,NA,51.3154873057345,2286110,1.28745564005285,24.392,NA,NA,NA,57.6,29.4,2354980884.15271,NA,28.9744326037479,NA,NA,75.7177200317383,55.7640411536515
"417","LTE",2018,NA,20.2543932366567,NA,NA,NA,NA,2.82030878453767,NA,NA,NA,3.91666666666667,1.00002002716064,1.00415003299713,1.00996994972229,1.01718997955322,1.19927000999451,NA,NA,NA,NA,NA,NA,NA,3.34040025107964,NA,963.436956917379,NA,NA,NA,49.6385913433444,2298652685,4.86507568107028,11.8589485010377,160963040,47.88807,52.11193,8.42571688686783,5.58947919260052,22893811867077.4,NA,NA,NA,100.4865,96.321907043457,88.9806900024414
"418","LTE",2019,NA,19.1722887291483,NA,NA,NA,NA,2.79883714424396,NA,NA,NA,3.92857142857143,1.00030994415283,1.00400996208191,1.01059997081757,1.01839005947113,1.20133996009827,5.6390345005134,NA,NA,NA,NA,NA,NA,3.32412319911828,98.5400277886205,1058.40431839452,NA,NA,NA,49.6500790724033,2309164437,4.26871993558882,11.4418105113711,162465856,NA,NA,8.16102174023508,5.41684961553249,23350735596984.1,NA,NA,NA,NA,96.0892486572266,91.8544387817383
"419","LTE",2020,NA,17.5283356077348,NA,NA,NA,NA,2.71112749414401,NA,NA,NA,3.8,1.0004700422287,1.00112998485565,1.00885999202728,1.01730000972748,1.19106996059418,NA,NA,NA,NA,NA,NA,NA,-1.50756802408304,NA,1164.23689212538,NA,NA,NA,49.671800578906,2316461820,-0.0122857297832013,10.1416291772464,165291264,NA,NA,8.01259746974431,5.3643720943211,22862413053120.2,NA,NA,NA,NA,94.1412734985352,94.1965637207031
"420","LTE",2021,NA,16.5183084108532,NA,NA,NA,NA,2.67361789245186,NA,NA,NA,3.8,1.00051999092102,NA,NA,NA,1.17946004867554,NA,NA,NA,NA,NA,NA,NA,5.06833233734385,NA,1252.08985052481,NA,NA,NA,49.6989242140943,2320449542,7.40136487390963,9.40132820994256,168563840,NA,NA,7.84904402519256,5.21966123784561,27277869480236.8,NA,NA,NA,NA,95.7159271240234,96.2489624023438
"421","LTE",2022,NA,15.5866536120629,NA,NA,NA,NA,NA,NA,NA,NA,3.83333333333333,1.00083005428314,NA,NA,NA,1.167760014534,NA,NA,NA,NA,NA,NA,NA,NA,NA,1348.38858786471,NA,NA,NA,49.7163070699944,2324125644,3.13947147689986,8.8001584973883,171700832,NA,NA,7.74327168139762,5.08682967724344,28540512833862.8,NA,NA,NA,NA,95.7663726806641,96.8592300415039
"422","LTU",2018,NA,11.745,26.487,10.65,85.627,81.488,3.76038415251057,70.422,62.232,NA,NA,NA,1.00031995773315,0.975830018520355,0.963779985904694,1.24563002586365,NA,13.2,2.3,6.6,18.02,NA,NA,4.33646334958495,NA,2369.3050156308,NA,NA,0.777683079242706,53.7319472267044,2819200,5.79066548228593,9.5,232993,NA,NA,3.5,2.3,54261795148.5372,NA,NA,NA,NA,103.450973510742,91.2461929321289
"423","LTU",2019,NA,10.518,26.781,11.691,86.278,81.451,3.882395151751,69.172,61.353,NA,NA,NA,0.995869994163513,0.976960003376007,0.967140018939972,1.26421999931335,3.41432799404597,12.1,2.7,7,NA,NA,NA,5.42878737490425,NA,2834.09038098609,NA,NA,NA,53.4835770849836,2811089,4.97938353929399,8.9,226226,NA,NA,3.3,2.2,55122066225.796,NA,NA,NA,NA,110.029922485352,92.6571884155273
"424","LTU",2020,NA,8.466,28.502,11.345,85.144,81.165,3.882395151751,70.312,61.479,NA,NA,NA,1.00065994262695,0.983650028705597,0.974629998207092,1.27708005905151,NA,10.4,2.7,7.2,NA,NA,NA,0.682530653363671,NA,3077.95144430044,NA,NA,0.756461381912231,53.1747314866348,2810369,0.068446214406265,8.4,224260,NA,NA,3.1,2.1,57412038533.2718,NA,NA,NA,NA,108.439598083496,100.551910400391
"425","LTU",2021,NA,6.867,31.352,11.073,84.286,79.376,3.882395151751,68.076,60.315,NA,NA,NA,NA,NA,NA,1.30253005027771,NA,11.3,2.6,7,NA,NA,NA,2.17497141419236,NA,3607.92849504989,NA,NA,NA,52.9936263793677,2808380,6.45535837727842,8.3,227732,NA,NA,3,2.1,67037321008.9679,0.397689819335937,1.07781004905701,1.72377228736877,NA,99.4484710693359,99.3955307006836
"426","LTU",2022,NA,6.23,30.468,13.035,84.119,79.47,NA,67.614,60.138,NA,NA,NA,NA,NA,NA,1.32714998722076,NA,11.5,2.5,6.8,NA,NA,NA,NA,NA,3725.59478167468,NA,NA,NA,52.9203882254377,2831639,1.695285500032,7.8,235307,NA,NA,2.9,2,71033884499.7824,NA,NA,NA,NA,100.331886291504,100.814918518066
"427","LUX",2018,NA,4.347,46.24,32.102,80.739,78.189,4.62471806871951,62.474,60.437,NA,NA,NA,0.975750029087067,1.00028002262115,1.01999998092651,1.11626994609833,NA,14.3,2.5,6.6,41.96,NA,NA,-0.945785643364033,NA,6211.73061211437,NA,NA,0.702260851860046,49.7233189881286,607950,-0.329840314332458,10.3,48749,NA,NA,2.1,1.6,71085623495.1145,NA,2.8052499294281,NA,NA,75.9135665893555,118.803993225098
"428","LUX",2019,NA,4.249,47.544,32.235,82.21,76.932,4.90424132423053,62.269,59.153,NA,NA,NA,0.987349987030029,0.992669999599457,0.996940016746521,1.12335002422333,5.3566112640065,12.8,2.9,7.2,NA,4.52,0.52,-7.6627431436532,NA,6700.66965094926,NA,NA,NA,49.7019332014325,620001,0.752174049392224,10,48943,NA,NA,2.1,1.6,69872035113.6469,NA,1.65073001384735,NA,NA,79.213996887207,114.708686828613
"429","LUX",2020,NA,3.901,47.574,33.974,80.129,78.712,4.90424132423053,61.109,58.467,NA,NA,NA,0.986010015010834,0.992569983005524,0.99795001745224,1.15936005115509,NA,14.2,2.8,7.1,NA,3.8,0.14,2.91910043183204,NA,7088.20370765635,NA,NA,0.700147926807404,49.6816508800391,630419,-2.15417448261604,10.2,49070,NA,NA,2.1,1.7,73670782100.3909,NA,1.65384995937347,NA,NA,79.2338104248047,103.04020690918
"430","LUX",2021,NA,3.604,48.153,33.156,81.948,78.396,4.90424132423053,61.469,57.4,NA,NA,NA,NA,NA,NA,1.16293001174927,NA,12.7,2.8,7.2,NA,4.34,0.22,10.3805388512105,NA,7874.34625829197,NA,NA,NA,49.6504621458938,640064,5.31843087794495,10.5,49408,NA,NA,2.1,1.7,86386759695.1653,NA,1.80410003662109,NA,NA,79.0376968383789,96.2849197387695
"431","LUX",2022,NA,3.98,46.724,32.763,80.381,78.224,NA,59.469,56.251,NA,NA,NA,NA,NA,NA,1.17917001247406,NA,16,2.9,7.1,NA,NA,NA,NA,NA,7836.49249228169,NA,NA,NA,49.6584332471572,653103,-3.06966026928997,9.9,50744,NA,NA,2,1.7,80801680397.0139,NA,0.172409996390343,NA,NA,78.0098571777344,98.7991561889648
"432","LVA",2018,NA,12.21,45.351,27.815,86.592,83.536,3.64510266961859,77.528,70.259,NA,NA,NA,1.00484001636505,0.997439980506897,0.989839971065521,1.32555997371674,NA,11.9,2.5,7,16.46,NA,NA,5.26549396543456,NA,1903.76637656496,NA,NA,0.790420711040497,53.9638138440372,1927174,5.12560422080688,10,117326,NA,NA,3.6,2.3,33247935477.3576,NA,0.673259973526001,NA,NA,99.1960220336914,100.136940002441
"433","LVA",2019,NA,11.993,46.974,29.459,89.866,84.543,3.8118131511009,74.591,67.974,NA,NA,NA,1.00041997432709,0.999930024147034,0.999430000782013,1.28015995025635,3.04076502411086,11.9,2.6,7.1,NA,NA,NA,3.67892887156056,NA,2202.67592921734,NA,NA,NA,53.8698705454789,1913822,1.37774612596324,9.8,117546,NA,NA,3.4,2.2,33099503950.847,NA,0.801169991493225,NA,NA,98.6389007568359,96.9608917236328
"434","LVA",2020,NA,10.493,47.01,27.337,86.446,81.254,3.8118131511009,77.293,70.602,NA,NA,NA,1.00128996372223,1.00295996665955,1.00449001789093,1.26305997371674,NA,12.2,2.5,6.9,NA,NA,NA,-1.04258270587853,NA,2448.21758518679,NA,NA,0.751386106014252,53.8034341789384,1900449,-2.78996380720736,9.2,117443,NA,NA,3.2,2,33379927434.6149,NA,0.95959997177124,NA,NA,98.9471664428711,97.7241516113281
"435","LVA",2021,NA,9.835,36.538,16.298,80.63,75.951,3.8118131511009,71.343,60.393,NA,NA,NA,NA,NA,NA,1.27304995059967,NA,12.3,2.6,7.1,NA,NA,NA,6.08668968560939,NA,3334.99087917283,NA,NA,NA,53.7604470119915,1884490,7.8481957927218,9.2,120956,NA,NA,2.9,1.8,38183326784.9335,2.17787933349609,0.9132199883461,3.91936898231506,NA,98.020637512207,97.7428283691406
"436","LVA",2022,NA,8.61,38.068,21.939,81.47,74.207,NA,71.201,61.722,NA,NA,NA,NA,NA,NA,1.30770003795624,NA,12.3,2.6,7.1,NA,NA,NA,NA,NA,3139.06691068215,NA,NA,NA,53.7187749692594,1879383,2.08341978656944,8.5,123531,NA,NA,2.7,1.6,38014713595.7686,NA,1.07042002677918,NA,NA,98.5237579345703,95.1001510620117
"437","MAC",2018,NA,1.349,NA,NA,NA,NA,2.50577539732863,NA,NA,NA,NA,NA,0.99345999956131,0.995320022106171,0.997439980506897,1.17843482755199,NA,NA,NA,NA,NA,NA,NA,NA,NA,NA,NA,NA,0.788205683231354,53.2896055084308,658900,4.70964183552729,9,26608,48.2975,51.7025,NA,NA,55190661339.7796,NA,0.219858156028369,NA,95.57895,100.571428571429,95
"438","MAC",2019,NA,1.318,NA,NA,NA,NA,2.73924292715556,NA,NA,NA,NA,NA,0.979939997196198,0.988330006599426,0.99889999628067,1.16083141855655,NA,NA,NA,NA,NA,NA,NA,NA,NA,NA,NA,NA,NA,53.4105643437749,672000,-4.46284857500113,8.9,26022,NA,NA,NA,NA,55082293844.1008,NA,4.45625,NA,NA,91.36,81.6086956521739
"439","MAC",2020,NA,1.096,NA,NA,NA,NA,4.40203861731598,NA,NA,NA,NA,NA,0.975019991397858,0.986519992351532,1.00156998634338,1.14821864849107,NA,NA,NA,NA,NA,NA,NA,NA,NA,NA,NA,NA,0.817906618118286,53.5336943520914,685400,-55.2288640451146,8.1,26396,NA,NA,NA,NA,25343525935.8358,NA,8.39884393063584,NA,NA,90.3846153846154,86.6086956521739
"440","MAC",2021,NA,0.814,NA,NA,NA,NA,4.40203861731598,NA,NA,NA,NA,NA,0.978659987449646,0.98633998632431,0.996479988098145,1.14351697769541,NA,NA,NA,NA,NA,NA,NA,NA,NA,NA,NA,NA,NA,53.6450067828146,682500,24.0608057263097,7.4,27627,NA,NA,NA,NA,30969334705.0515,3.52899932861328,11.6455026455026,3.52858304977417,NA,96.0384615384615,92.5416666666667
"441","MAC",2022,NA,0.473,NA,NA,NA,NA,NA,NA,NA,NA,NA,NA,NA,NA,NA,1.09369043054149,NA,NA,NA,NA,NA,NA,NA,NA,NA,NA,NA,NA,NA,53.7495900516358,677300,-18.9921422065272,6.4,28961,NA,NA,NA,NA,24999113475.8368,NA,14.1089108910891,NA,NA,93.7777777777778,88
"442","MAR",2018,NA,27.658,NA,NA,NA,NA,5.2,NA,NA,NA,NA,NA,0.960389971733093,0.94147002696991,0.914969980716705,0.993907479991517,NA,NA,NA,NA,NA,NA,NA,1.84035284250858,88.5,415.843277905849,NA,NA,0.505192995071411,49.5217866838893,35839760,1.91410663270995,18.573,2871043,46.56576,53.43424,18.7,12.4,127341147581.818,NA,5.0594503160806,NA,110.76597,90.1631872223506,67.7808740569564
"443","MAR",2019,NA,27.339,NA,NA,NA,NA,5.2,NA,NA,NA,NA,NA,0.966050028800964,0.951110005378723,0.930130004882813,1.03469804756141,8.9061293772705,NA,NA,NA,NA,8.2,0.9,2.52776242809982,NA,435.448254123465,NA,NA,NA,49.505473449056,36210898,1.81642055572905,18.258,2920791,NA,NA,18,11.9,128920266409.458,NA,2.81553437693276,NA,NA,92.1426838451916,66.9673338242185
"444","MAR",2020,NA,26.807,NA,NA,NA,NA,5.2,NA,NA,NA,NA,NA,0.970459997653961,0.96220999956131,0.95073002576828,1.06233626555742,NA,NA,NA,NA,NA,NA,NA,-7.16193506631578,NA,453.600230726345,NA,NA,0.51598459482193,49.5089028577576,36584208,-8.13866950405836,17.85,2983288,NA,NA,17.3,11.4,121353645057.144,NA,NA,NA,NA,94.7645151856438,69.7531127059987
"445","MAR",2021,NA,26.205,NA,NA,NA,NA,5.2,NA,NA,NA,NA,NA,0.972779989242554,0.971239984035492,0.969340026378632,1.11261112661959,NA,NA,NA,NA,NA,NA,NA,6.08352984919665,NA,500.695924807458,NA,NA,NA,49.5232616419969,36954442,7.0606299574828,17.458,3047518,NA,NA,16.6,11,142022058447.231,0.844108581542968,NA,52.915901184082,NA,97.9426559663588,75.6118515467633
"446","MAR",2022,NA,25.563,61.66,11.89,75.2,60.14,NA,65.93,52.85,NA,NA,NA,NA,NA,NA,1.13770264547821,NA,NA,NA,NA,NA,NA,NA,NA,NA,552.595676886424,NA,NA,NA,49.5365930006551,37329064,0.496491363740688,17.035,3244544,NA,NA,16,10.6,130951926351.241,NA,NA,NA,NA,100.405281933291,76.1065467657701
"447","MDA",2018,NA,30.96,61.834,67.384,73.869,65.028,4.58580046783543,69.404,68.056,NA,4.5,NA,0.983439981937408,0.989199995994568,0.992990016937256,1.23277211228702,NA,3.8,4.4,10.2,NA,13.09,1.76,4.31932499275163,NA,827.103582980739,NA,NA,0.605798840522766,53.7676934896709,2707203,5.92036718190722,13.275,226281,48.3041,51.6959,13.8,11.1,11252353420.8798,NA,NA,NA,91.7212,101.095441954168,106.629714943853
"448","MDA",2019,NA,28.163,62.288,68.89,76.823,68.751,5.28464848168154,73.283,70.699,NA,4.5,NA,0.953459978103638,0.972779989242554,0.985260009765625,1.24311328557021,4.47050314530646,4.5,4.3,10,8.66,14.05,2.35,6.25456168756757,NA,859.536874141281,NA,NA,NA,53.8205182740135,2664224,5.22280984962049,12.637,224148,NA,NA,13.7,11,11736797054.6965,NA,NA,NA,NA,99.7059191590539,108.011518865835
"449","MDA",2020,NA,26.382,65.618,68.878,75.208,67.608,5.54030457086247,73.744,70.885,NA,NA,NA,0.982169985771179,0.989619970321655,0.994340002536774,1.26979082817354,NA,3.7,4.5,10.3,NA,11.97,1.89,-6.47315402003306,NA,876.865086703868,NA,72.9,0.606849312782288,53.8783453687705,2635130,-7.26326976771907,12.077,223176,NA,NA,13.7,10.9,11530746234.4492,NA,NA,NA,NA,104.061859511832,105.106804357052
"450","MDA",2021,NA,24.97,69.086,70.487,79.021,66.41,5.54030457086247,76.721,74.697,NA,NA,NA,0.989189982414246,0.989910006523132,0.990400016307831,1.28447103713688,NA,4.3,4.3,10.1,NA,14.15,2.48,10.2515072838151,NA,1175.78046969365,NA,NA,NA,53.9275522450549,2595809,15.6557976122015,11.521,227161,NA,NA,13.6,10.9,13691869264.0794,NA,NA,NA,NA,105.298972969567,106.162108684899
"451","MDA",2022,NA,22.384,68.175,69.315,77.76,70.593,NA,75.959,74.779,NA,NA,NA,NA,NA,NA,1.28470163695111,NA,3.5,4.5,10.2,NA,NA,NA,NA,NA,1095.06471037345,NA,NA,NA,53.9604813709546,2528654,-2.06640426092299,10.545,229602,NA,NA,13.6,10.8,14525337523.7271,NA,NA,NA,NA,107.331962046314,108.142052836726
"452","MDG",2018,NA,136.257,NA,NA,NA,NA,2.08,NA,NA,NA,4,0.980000019073486,1.00731003284454,1.0093799829483,1.02973997592926,0.970252770788815,NA,NA,NA,NA,NA,NA,NA,6.29916665310691,85.1,65.7368703920959,NA,NA,0.396541982889175,49.8372645192789,27494926,0.542519018708518,33.651,1548208,50.60593,49.39407,44.2,24,13760033282.2925,NA,0.127017177403418,NA,157.18468,64.2712093862816,36.6296308053713
"453","MDG",2019,NA,136.38,NA,NA,NA,NA,2.08,NA,NA,NA,4,NA,1.01724004745483,1.01898002624512,1.0380699634552,0.985469996929169,45.459444882299,NA,NA,NA,NA,NA,NA,-1.0347393419337,NA,50.0087360413279,NA,NA,NA,49.8354864148455,28219554,1.73013722889858,33.594,1495185,NA,NA,44.5,24.1,14104664678.5063,NA,6.44184017181396,NA,NA,61.5898951500555,35.0324556108065
"454","MDG",2020,NA,135.016,NA,NA,NA,NA,2.08,NA,NA,NA,4,NA,NA,NA,NA,0.985101042068094,NA,NA,NA,NA,NA,NA,NA,-7.50906246033676,NA,55.0469382057849,NA,NA,0.403589576482773,49.8369302258786,28953556,-9.49182579621846,33.31,NA,NA,NA,44.7,24.1,13051441203.9474,NA,NA,NA,NA,59.8286282022429,32.2253316528166
"455","MDG",2021,3.8,133.195,NA,NA,NA,NA,2.08,NA,NA,66.4,4,1,NA,NA,NA,0.986403889779687,NA,11.1,2.9,7.2,NA,NA,NA,3.47376946830593,88.9,55.8277530865409,74.9,72,NA,49.8398391193747,29691083,2.05115869922781,32.911,1623720,NA,NA,44.9,24.1,14354731964.331,NA,NA,NA,NA,63.49030395837,34.9478508453511
"456","MDG",2022,NA,131.566,NA,NA,NA,NA,NA,NA,NA,NA,4,NA,NA,NA,NA,1.02170489851437,NA,NA,NA,NA,NA,NA,NA,NA,NA,56.05010257017,NA,NA,NA,49.8414032721275,30437261,1.60268180028298,32.498,NA,NA,NA,44.7,24,15325603272.6073,NA,NA,NA,NA,60.0168275018735,33.8824755958344
"457","MEA",2018,NA,43.7357034326835,69.5463241475984,14.3287235493874,83.1992378061059,42.3734220875375,4.51517332202207,73.912498411836,49.3041734198462,NA,2.125,0.887709975242615,0.971369981765747,0.965489983558655,0.957750022411346,1.03266000747681,NA,NA,NA,NA,NA,NA,NA,-0.545142817221205,NA,663.860630344165,NA,NA,NA,48.3711549974694,730362334,0.998724067672853,25.0440636331911,53686120,47.25132,52.74868,19.8,12.3,4023974471234.97,NA,NA,NA,101.0914,70.614616394043,57.6880683898926
"458","MEA",2019,NA,42.3985933420592,71.6201634397864,13.9171288240207,NA,NA,4.55845066211058,75.2239877568031,50.424496811634,NA,2.125,0.893360018730164,0.973850011825562,0.967220008373261,0.958450019359589,1.0531200170517,21.34175025492,NA,NA,NA,NA,14.13,2.71,-0.40370493100022,NA,651.734607918842,NA,NA,NA,48.4275432462799,742714463,-0.201809022555594,24.3647190689917,55485952,NA,NA,19.4,12.2,3989483215533.71,5.558524132,NA,51.44784164,NA,71.2417221069336,57.9799613952637
"459","MEA",2020,NA,41.4411651898368,72.4850257168196,11.2298266103448,82.4558493480279,37.9024592863415,4.60085198232841,79.3029788248949,52.577092968714,NA,2.25,0.898859977722168,0.976170003414154,0.971140027046204,0.964619994163513,1.05415999889374,NA,NA,NA,NA,NA,NA,NA,-6.8165982694707,NA,678.054624538524,NA,NA,NA,48.4678124811418,756405281,-5.05794440811147,23.9264084185914,57390104,NA,NA,19,12,3561019804742.77,NA,NA,NA,NA,73.0343475341797,58.7759284973145
"460","MEA",2021,NA,40.323924953706,67.6588799395784,15.7177409363636,83.0793124858187,46.5403456021961,4.64186341380231,75.339607362754,51.5270065741016,NA,2.5,0.903900027275085,NA,NA,NA,1.04812002182007,NA,NA,NA,NA,NA,NA,NA,NA,NA,701.71839102934,NA,NA,NA,48.5335292998793,767578451,3.55523153318377,23.5441523779331,59453912,NA,NA,18.6,11.7,4279459402701.19,NA,NA,NA,NA,73.6569900512695,60.2377395629883
"461","MEA",2022,NA,39.5480296443348,NA,NA,NA,NA,NA,NA,NA,NA,2.125,0.909529983997345,NA,NA,NA,1.06455004215241,NA,NA,NA,NA,NA,NA,NA,NA,NA,695.481876989175,NA,NA,NA,48.537927975595,782349366,4.36902248122595,23.2159925514372,61981988,NA,NA,18.1,11.4,4994047685350.32,NA,NA,NA,NA,75.3415679931641,61.1990013122559
"462","MEX",2018,NA,63.447,76.708,38.685,84.865,70.362,4.27938258704376,79.222,63.227,NA,NA,1,1.00621998310089,1.04627001285553,1.08762001991272,1.04387998580933,NA,16,1.9,5.2,NA,2.51,0.62,0.259980044716059,NA,1095.91173650131,NA,NA,0.627252817153931,51.3211603690605,124573711,1.01136619999065,17.037,14160635,NA,NA,12.6,8.7,1256300182775.8,NA,NA,NA,NA,102.486167907715,94.4230728149414
"463","MEX",2019,NA,63.359,76.478,40.191,84.547,70.72,4.27938258704376,79.718,63.912,NA,NA,1.00112563373676,1.00910997390747,1.05191004276276,1.09623003005981,1.05839002132416,9.0934368360701,NA,NA,NA,NA,NA,NA,0.626348880523665,NA,1111.3888501635,NA,NA,NA,51.3493652687084,125762982,-1.33462176886584,16.877,14105856,NA,NA,12.2,8.6,1304106203902.45,NA,NA,NA,NA,102.865982055664,93.2311630249023
"464","MEX",2020,NA,62.577,71.103,36.23,80.775,67.41,4.27938258704376,74.76,59.236,NA,NA,1,1.00940001010895,1.05410003662109,1.1015499830246,1.07974994182587,NA,16.1,2,5.3,NA,4.44,1.22,-12.1529569168751,NA,1171.40563850852,NA,NA,0.626666724681854,51.3912181758768,126799054,-9.10287153026798,16.565,13709381,NA,NA,11.8,8.4,1121064767401.51,NA,NA,NA,NA,103.161361694336,92.8266983032227
"465","MEX",2021,NA,62.033,76.28,39.073,84.062,69.95,4.27938258704376,78.371,62.897,NA,NA,1.00117988826328,NA,NA,NA,1.11513996124268,NA,NA,NA,NA,NA,NA,NA,1.73528010715272,NA,1235.9873554133,NA,NA,NA,51.44481610497,127648148,5.34306679081725,16.353,13128205,NA,NA,11.5,8.2,1316569466735.28,NA,NA,NA,NA,103.073928833008,94.0404663085938
"466","MEX",2022,NA,61.111,76.519,40.152,85.004,71.633,NA,79.469,63.608,NA,NA,1.005,NA,NA,NA,1.15149998664856,NA,15.3,2.1,5.6,6.88,NA,NA,NA,NA,1353.31760673032,NA,NA,NA,51.481060053929,128613117,2.93285765177889,16.041,13112615,NA,NA,11.1,7.9,1466464899303.68,NA,NA,NA,NA,102.46614074707,94.6086273193359
"467","MHL",2019,NA,73.127,52.288,16.345,84.272,67.778,12.7380596819888,62.869,43.571,NA,3,0.980000019073486,0.964429974555969,1.01280999183655,1.07684004306793,1.10483971039013,NA,11.3,2.8,7.2,NA,NA,NA,NA,NA,787.369585688911,NA,NA,NA,48.7592601008953,44007,13.6597363046024,23.736,5858,NA,NA,26.5,14.8,232900000,NA,NA,NA,NA,108.971957274947,135.018045660599
"468","MHL",2020,NA,71.556,NA,NA,NA,NA,12.7380596819888,NA,NA,NA,3,NA,0.961610019207001,1.02630996704102,1.10808002948761,NA,NA,NA,NA,NA,NA,NA,NA,NA,NA,646.306988789647,NA,NA,0.444823205471039,48.7742056337369,42706,0.18904949035759,23.439,5805,NA,NA,25.8,14.3,241800000,NA,NA,NA,NA,106.809338818662,149.619765352615
"469","MHL",2021,NA,71.146,56.242,27.174,85.31,83.352,12.7380596819888,69.568,57.566,NA,3,1.01839606848695,0.943759977817535,1.01206004619598,1.09407997131348,NA,NA,NA,NA,NA,NA,NA,NA,NA,NA,726.91777711397,NA,NA,NA,48.7695208625441,41367,4.49871565023581,23.176,5803,NA,NA,25,13.9,258900000,NA,NA,NA,NA,107.010306122073,150.102251757469
"470","MHL",2022,NA,71.135,NA,NA,NA,NA,NA,NA,NA,NA,3,NA,NA,NA,NA,1.23673240355865,NA,NA,NA,NA,NA,NA,NA,NA,NA,746.504682718051,NA,NA,NA,48.7499376216378,40077,2.06474740953719,21.989,5039,NA,NA,24.3,13.5,253400000,NA,NA,NA,NA,97.6744206724538,42.3553721303334
"471","MIC",2018,NA,38.1909867721952,NA,NA,NA,NA,2.88668642812291,NA,NA,NA,3.39795918367347,0.975530028343201,0.992669999599457,1.0001300573349,1.00854003429413,1.10780000686646,NA,NA,NA,NA,NA,NA,NA,2.03143614072754,NA,539.597599845729,NA,NA,NA,49.4162930811539,5640395313,3.90046058222131,18.1014694194371,470536128,48.11523,51.88477,28.4983758303748,18.6077908892792,29559838322315.3,NA,NA,NA,101.0283,90.535888671875,79.4555587768555
"472","MIC",2019,NA,37.1848528694003,NA,NA,NA,NA,2.86347620597096,NA,NA,NA,3.43,0.974550008773804,0.993430018424988,1.00152003765106,1.01047003269196,1.11939001083374,19.1211567544379,NA,NA,NA,NA,NA,NA,2.51768763444804,89.1371293849093,573.125050233721,NA,NA,NA,49.4243460237359,5698868246,3.07644082499898,17.6370137183222,475771936,NA,NA,27.7715279952778,18.1437007696476,30263574824888.8,NA,NA,NA,NA,90.3190307617188,80.1255035400391
"473","MIC",2020,NA,36.0506408292613,NA,NA,NA,NA,2.75898054882289,NA,NA,NA,3.42708333333333,0.976100027561188,0.992009997367859,0.998199999332428,1.00469994544983,1.11863994598389,NA,NA,NA,NA,NA,NA,NA,-3.01173116063714,NA,602.045402463014,NA,NA,NA,49.4363036056533,5753580097,-1.99846783968043,16.8239772649419,484607360,NA,NA,27.5158032031332,18.0201222242888,29324478257136.1,NA,NA,NA,NA,90.4675979614258,81.8781509399414
"474","MIC",2021,NA,35.5085763666822,NA,NA,NA,NA,2.73807854672287,NA,NA,NA,3.41666666666667,0.977569997310638,NA,NA,NA,1.11457002162933,NA,NA,NA,NA,NA,NA,NA,5.34537450467016,NA,663.420828469888,NA,NA,NA,49.4530666940818,5802569225,6.58226420386083,16.3958832547107,496038848,NA,NA,27.0537464985015,17.7315759457366,34618128912439.9,NA,NA,NA,NA,91.1850280761719,82.5039978027344
"475","MIC",2022,NA,34.9797203077718,NA,NA,NA,NA,NA,NA,NA,NA,3.44897959183673,0.979070007801056,NA,NA,NA,1.10578000545502,NA,NA,NA,NA,NA,NA,NA,NA,NA,701.826555443302,NA,NA,NA,49.4700747653917,5846790764,3.17647328848281,16.0779246110046,503916544,NA,NA,26.5608532035754,17.4097911174733,36282529025324.2,NA,NA,NA,NA,94.5876312255859,82.5019836425781
"476","MKD",2018,NA,17.604,51.812,19.05,79.847,82.75,3.26865212313863,74.228,66.076,NA,NA,NA,0.997870028018951,0.986109972000122,0.978649973869324,1.24519002437592,NA,17.4,2,6.1,NA,8.41,1.47,3.67648669141359,NA,1172.94542558103,NA,NA,0.549441337585449,51.1345878166073,1889051,3.40375411089484,10.3,155815,NA,NA,7.2,5.6,12683068114.2388,NA,3.31775999069214,NA,NA,93.9877471923828,90.9429931640625
"477","MKD",2019,NA,17.25,49.858,20.941,80.406,81.665,3.26865212313863,72.954,66.052,NA,NA,NA,1.00836002826691,0.99058997631073,0.978980004787445,1.27965998649597,1.28361099483121,18.4,1.9,5.8,7.8,9.73,1.5,4.03096826949437,97.3,1412.93394605709,NA,88.1,NA,51.207420160083,1876262,4.61869501137757,9.6,152876,NA,NA,6.1,4.4,12606338448.547,NA,6.75619983673096,NA,NA,91.0116424560547,88.2149963378906
"478","MKD",2020,NA,17.157,50.032,17.285,80.517,81.499,3.26865212313863,71.192,64.45,NA,NA,NA,0.999520003795624,0.991859972476959,0.987219989299774,1.293869972229,NA,NA,NA,NA,NA,NA,NA,-1.8804163400313,NA,1530.40752053188,NA,NA,0.573443412780762,51.2956620028889,1856124,-3.65436823824773,9.2,150353,NA,NA,5.2,3.4,12361036913.8409,NA,6.57317018508911,NA,NA,90.4162216186523,87.2043609619141
"479","MKD",2021,NA,15.952,48.391,16.21,79.574,80.899,3.26865212313863,71.958,64.432,NA,NA,NA,NA,NA,NA,1.31913995742798,NA,NA,NA,NA,NA,NA,NA,2.45292987438117,NA,1869.20714231348,NA,NA,NA,51.352433245386,1837114,5.59213007924724,10.2,152690,NA,NA,4.4,2.6,14000283827.0154,4.24031829833984,6.96662998199463,26.1699199676513,NA,91.8233032226562,87.5730285644531
"480","MKD",2022,NA,14.731,45.138,15.802,79.717,80.884,NA,70.755,62.778,NA,NA,NA,NA,NA,NA,1.30974996089935,NA,NA,NA,NA,NA,NA,NA,NA,NA,1815.32210359394,NA,NA,NA,51.3641743386982,1831712,3.06193588427661,9.9,152791,NA,NA,3.6,1.9,13932436550.0883,NA,2.65597009658814,NA,NA,93.592529296875,91.862190246582
"481","MLT",2018,NA,12.282,65.851,31.147,90.153,85.476,4.67276542649753,76.009,71.258,NA,NA,NA,1.00677001476288,1.00406002998352,1.00168001651764,1.29526996612549,NA,9.7,3.5,8.6,NA,NA,NA,NA,NA,3975.9640746158,NA,NA,0.729845523834229,49.191116834552,483903,3.46840198753489,9.2,30925,NA,NA,5.5,4.2,16153779511.1559,NA,1.45185005664825,NA,NA,100.151672363281,101.155197143555
"482","MLT",2019,NA,11.578,64.899,34.734,91.314,80.628,4.69374872768249,77.945,71.921,NA,NA,NA,1.00782001018524,1.00504994392395,1.00248003005981,1.31454002857208,7.00213354268577,9.6,3.2,8.2,NA,NA,NA,NA,NA,4666.13472627679,NA,NA,NA,48.6555982349767,503912,-0.0482197262689539,8.6,30727.8203125,NA,NA,5.4,4.1,16337793530.7788,NA,2.84420990943909,NA,NA,97.6443405151367,98.7279815673828
"483","MLT",2020,NA,11.026,65.045,33.96,92.005,83.293,4.69374872768249,77.499,72.363,NA,NA,NA,0.996710002422333,1.00477004051208,1.01154005527496,1.32176005840301,NA,9.9,3.1,8,NA,NA,NA,NA,NA,4934.72956416599,NA,NA,0.738353133201599,48.2154814581818,515490,-5.52893189345498,8.6,30971.892578125,NA,NA,5.2,4,16409900599.1964,NA,4.11995983123779,NA,NA,96.2550201416016,99.8010864257812
"484","MLT",2021,NA,10.546,66.168,34.556,91.166,83.028,4.69374872768249,78.512,74.483,NA,NA,NA,NA,NA,NA,1.36485004425049,NA,7.8,3.3,8.3,NA,NA,NA,NA,NA,5573.02730992671,NA,NA,NA,48.0805757700581,518150,12.7181480209676,8.5,31333.5,NA,NA,5.1,3.9,19723563354.6779,0.44677734375,5.22339010238647,8.99029922485351,NA,98.4979476928711,99.2610778808594
"485","MLT",2022,NA,10.495,65.611,35.672,90.798,87.87,NA,80.659,75.675,NA,NA,NA,NA,NA,NA,1.32457995414734,NA,11.3,2.7,7.3,32.04,NA,NA,NA,NA,5759.52978280725,NA,NA,NA,48.0888542212949,531113,1.72439273070553,8.1,31394.900390625,NA,NA,5,3.8,19239187083.5194,NA,6.79471015930176,NA,NA,94.7952194213867,97.8918380737305
"486","MNE",2018,NA,10.088,35.007,17.873,77.502,81.5,NA,68.988,60.678,NA,NA,1.02999997138977,0.954919993877411,0.98938000202179,1.01383996009827,1.24579000473023,NA,19.9,1.8,5.3,NA,NA,NA,4.31101118478307,97.2,1813.67756562204,NA,NA,0.638743340969086,51.8222002812629,626438,5.00139996918935,11.6,57085,48.03013,51.96987,2.8,1.5,5506942238.35668,NA,NA,NA,88.65979,100.65064239502,94.7789001464844
"487","MNE",2019,NA,10.741,35.956,17.94,77.69,81.507,NA,69.894,61.813,NA,NA,NA,1.00015997886658,1.01124000549316,1.01874995231628,1.24052000045776,1.41387631975863,17.4,2.1,5.9,NA,NA,NA,4.86644542969623,NA,2045.05829137233,NA,NA,NA,51.8283641262321,626753,4.01064396132608,11.5,56896,NA,NA,2.6,1.3,5542054181.12616,NA,NA,NA,NA,97.8989410400391,96.0789794921875
"488","MNE",2020,NA,10.407,29.002,16.645,76.392,78.661,NA,64.804,56.82,NA,NA,NA,0.999419987201691,1.01189005374908,1.02005004882813,1.25313997268677,NA,16.6,2.1,6.1,NA,NA,NA,-15.119990315036,NA,2452.14309265569,NA,NA,0.640461683273315,51.8525037257334,626590,-15.284861844119,11.3,56922,NA,NA,2.5,1.2,4769996866.00758,NA,NA,NA,NA,101.265159606934,96.2919998168945
"489","MNE",2021,NA,10.326,27.662,14.436,78.291,80.526,NA,NA,NA,NA,NA,NA,1.00494003295898,1.01363003253937,1.01886999607086,1.26197004318237,NA,15.9,2.1,6.2,9.48,NA,NA,14.4117001027108,NA,2652.29325732931,NA,NA,NA,51.8801026745053,625053,13.3214371673409,11.3,57238,NA,NA,2.3,1.1,5861427505.12493,NA,NA,NA,NA,99.3182983398438,96.7444534301758
"490","MNE",2022,NA,10.013,28.755,15.669,85.07,86.083,NA,NA,NA,NA,NA,NA,NA,NA,NA,1.29665994644165,NA,NA,NA,NA,NA,NA,NA,NA,NA,3106.63149294199,NA,NA,NA,51.8872590490818,623591,6.65614923812706,11.3,56338,NA,NA,2.2,1,6229801580.79157,NA,NA,NA,NA,109.610778808594,99.8305969238281
"491","MNG",2018,NA,30.995,56.52,40.566,75.952,62.23,4.57563128871155,68.244,58.624,NA,4,1,0.979489028453827,NA,NA,1.30332005023956,NA,9.9,3.3,7.9,5.8,7.18,1.33,12.8677070666057,99.1,558.992496775005,NA,63.2,0.639347791671753,50.1413641291206,3208189,5.75427016552706,24.5,289563,NA,NA,13.5,8.6,13178094720.4986,NA,4.10412850554039,NA,99.92116,99.149713302801,105.12784335511
"492","MNG",2019,NA,29.724,63.916,47.886,82.46,68.349,4.57563128871155,72.664,64.118,NA,4,1.00999999046326,0.979250073432922,0.99260002374649,1.00785005092621,1.34312999248505,6.30956602200595,NA,NA,NA,NA,NA,NA,9.07244516294807,NA,583.792192874434,NA,NA,NA,50.0207140035017,3267673,3.67988421239794,24.4,290410,NA,NA,12.8,8.4,14206359017.5143,NA,4.85123242452896,NA,NA,99.8039133436055,97.3241095387498
"493","MNG",2020,NA,26.135,62.514,44.433,81.584,68.11,4.57563128871155,70.109,61.747,NA,NA,1,0.978658974170685,0.999824345111847,1.0219646692276,1.39661137119675,NA,NA,NA,NA,NA,14.71,3.6,-3.29974101430777,NA,575.515016094402,NA,NA,0.636095881462097,49.983666511182,3327204,-6.26542378289111,23.4,328721,NA,NA,12.2,8.1,13312981429.0891,NA,6.31194572059396,NA,NA,96.6583093524928,93.2859990350411
"494","MNG",2021,NA,22.428,60.621,43.508,80.841,66.933,4.57563128871155,66.14,56.894,NA,NA,1.00201901610765,0.977841675281525,0.99825781583786,1.01833295822144,1.39094950679017,NA,NA,NA,NA,NA,14.03,3.46,-10.6177269241589,NA,930.641518889589,NA,NA,NA,50.0270984533221,3383741,-0.0614212834574062,21.6,363883,NA,NA,11.8,7.9,15286441737.6686,NA,6.99241735002393,NA,NA,84.8983744333013,90.5601459084544
"495","MNG",2022,NA,20.539,58.999,43.776,81.652,67.574,NA,69.846,60.306,NA,NA,1,NA,NA,NA,1.40307785191913,NA,9.7,3.4,8.2,NA,NA,NA,NA,NA,1266.88440764072,NA,NA,NA,50.0668189597506,3433748,3.50307766866899,19.5,374614,NA,NA,11.6,7.7,17146471713.748,NA,6.02549618566888,NA,NA,96.9021618410193,98.5771080748229
"496","MYS",2018,NA,8.878,85.37,46.09,74.38,66.78,4.3156986017539,80.9,68,NA,NA,1,1.01489770412445,1.04651999473572,1.08428001403809,1.25966087435312,NA,17,2.3,5.7,NA,NA,NA,0.646755228329511,NA,1017.06807077095,NA,NA,0.65517657995224,47.4618202497666,32910967,3.07401779071937,14.808,2592970,50.48053,49.51947,6.7,4.3,358788845712.53,NA,6.58141885133678,NA,NA,93.2796888464494,77.1363596922543
"497","MYS",2019,NA,8.45,NA,NA,NA,NA,3.94283541486033,NA,NA,NA,NA,1,1.00900661945343,1.04038000106812,1.07804000377655,1.29450940868568,18.138603074633,NA,NA,NA,NA,1.52,0.13,5.30396889688336,NA,1086.65445185518,NA,NA,NA,47.4112198063461,33440596,2.75950122381441,14.233,2602216,NA,NA,6.7,4.3,365177721021.516,0.483367919921875,9.67403125032061,34.1291046142578,NA,92.2518085270125,78.0335170687448
"498","MYS",2020,NA,7.634,81.93,42.99,80.66,72.7,3.88609371974762,80.28,66.5,NA,NA,NA,1.0134334564209,1.03951001167297,1.07194995880127,1.29704387376446,NA,NA,NA,NA,NA,NA,NA,-4.99255109727001,NA,1091.86638516702,NA,NA,0.633914470672607,47.4120480588136,33889558,-6.7093351308522,13.393,2513435,NA,NA,6.7,4.3,337456163961.211,NA,10.3755961906926,NA,NA,95.9319512299068,78.9230272029242
"499","MYS",2021,NA,6.364,81.5,41.49,73.12,66.96,3.88609371974762,83.17,68.81,NA,NA,NA,NA,NA,1.0560075044632,1.29254180957108,NA,16.5,2.3,5.9,15.94,NA,NA,-0.448483698135263,NA,1248.16500796359,NA,NA,NA,47.4696373340045,34282399,2.13146199778431,12.385,2535579,NA,NA,6.7,4.2,373784823672.946,NA,10.6082369339461,NA,NA,93.466178921952,82.118928782683
"500","MYS",2022,NA,5.975,80.95,41.36,84.9,71.18,NA,80.83,67.66,NA,NA,0.990000009536743,NA,NA,NA,1.28978562178078,NA,NA,NA,NA,NA,NA,NA,NA,NA,1280.89076465821,NA,NA,NA,47.5307124184689,34695493,7.56568334141943,12.394,2633592,NA,NA,6.7,4.2,407605841348.235,NA,11.1594192150479,NA,NA,86.5394408754663,82.005594629766
"501","NAC",2018,NA,16.2482775574089,53.5123098649874,30.6538043982679,77.609957195133,69.6841114945994,4.37799607004752,65.1275526491673,57.7934256641548,NA,NA,0.99905002117157,0.998549997806549,0.995459973812103,0.992389976978302,1.26900005340576,NA,NA,NA,NA,NA,NA,NA,2.2647220001823,NA,9701.08457922873,NA,NA,NA,49.8134522318852,365666028,2.25847908283603,11.4473668918924,27529270,48.82823,51.17177,5.5,3.7,22389071169783,NA,NA,NA,101.677,95.7226409912109,105.21598815918
"502","NAC",2019,NA,15.3221502638332,53.9221789472843,30.9036627798023,77.5331207169046,69.7023687536176,4.43404558891707,65.1415436704816,57.9228389361205,NA,NA,0.999040007591248,1.00591003894806,0.99549001455307,0.985350012779236,1.27657997608185,5.25639382108827,NA,NA,NA,NA,4.26,0.75,1.70398752699492,NA,10036.1438917068,NA,NA,NA,49.780976830469,367908829,1.90533273228071,11.2460986480566,27677050,NA,NA,5.4,3.7,23291130648672.5,0.397812933,NA,3.257522106,NA,102.893028259277,103.409057617188
"503","NAC",2020,NA,13.9223203196394,52.371343896873,29.5231682998458,76.140402453085,68.0902068934254,4.43397596979591,63.1731165602166,55.9949902363865,NA,NA,0.999059975147247,0.994949996471405,0.98827999830246,0.981869995594025,1.29010999202728,NA,NA,NA,NA,NA,NA,NA,-4.63286804130966,NA,11120.4613101628,NA,NA,NA,49.7707444411899,369670740,-2.85284497768508,10.7555927093283,27868992,NA,NA,5.4,3.6,23016677094000.2,NA,NA,NA,NA,101.367179870605,103.083030700684
"504","NAC",2021,NA,12.9772112537553,52.5192363148475,30.5417962441966,75.9528836787632,68.024718926139,4.43432967780961,63.3004754523389,56.0287225838939,NA,NA,0.999019980430603,NA,NA,NA,1.3201299905777,NA,NA,NA,NA,NA,NA,NA,5.53263064415937,NA,11471.4481762269,NA,NA,NA,49.7808172516985,370404272,5.8367193806599,10.8653034133472,28116060,NA,NA,5.4,3.5,25710839785423.2,NA,NA,NA,NA,100.099197387695,106.154090881348
"505","NAC",2022,NA,12.8530724865799,54.1779820661171,30.3016733950963,76.0041316637654,68.477547776488,NA,63.6108050090922,56.6407122469654,NA,NA,0.999019980430603,NA,NA,NA,1.31610000133514,NA,NA,NA,NA,NA,NA,NA,NA,NA,11866.1555061506,NA,NA,NA,49.79719708828,373018004,1.92080922531004,10.790749333555,27920936,NA,NA,5.4,3.4,28205178461134.3,NA,NA,NA,NA,94.4616012573242,99.8294906616211
"506","NAM",2018,NA,73.17,54.161,47.174,82.332,76.436,8.919050768048,63.908,60.844,NA,NA,1.02054443022163,0.966520011425018,NA,NA,1.49570724945423,NA,NA,NA,NA,NA,NA,NA,-3.083945605005,NA,813.100307682849,NA,NA,NA,51.309515633833,2577327,-1.70342664632669,29.067,200674,NA,NA,45.7,27.7,13682019076.4022,NA,NA,NA,113.9191,98.1139529424028,84.5296650355064
"507","NAM",2019,NA,71.902,NA,NA,NA,NA,8.919050768048,NA,NA,NA,NA,NA,0.966419994831085,NA,NA,1.49972923328528,45.1503326089775,NA,NA,NA,NA,NA,NA,-1.95916766446931,NA,808.963757765769,NA,NA,NA,51.2721779411687,2650494,-3.57649160039189,28.386,201184,NA,NA,44.6,27.3,12541928303.48,NA,NA,NA,NA,96.659622939039,58.1751366722644
"508","NAM",2020,NA,70.074,NA,NA,NA,NA,8.919050768048,NA,NA,NA,NA,NA,0.96791535615921,NA,NA,1.48032078066413,NA,NA,NA,NA,NA,NA,NA,-10.0467910613884,NA,774.04433080571,NA,NA,NA,51.2403060435465,2728762,-10.7372931134497,27.687,213056,NA,NA,43.1,26.6,10583748541.5258,NA,NA,NA,NA,101.702331224927,97.8147545716809
"509","NAM",2021,NA,68.37,NA,NA,NA,NA,8.919050768048,NA,NA,NA,NA,NA,0.965432465076447,NA,NA,1.46887154673189,NA,NA,NA,NA,NA,NA,NA,-4.46092714017414,NA,854.167794966032,NA,NA,NA,51.2052809630008,2810548,0.588992664401843,27.022,218734,NA,NA,41.6,25.8,12402486183.6396,NA,NA,NA,NA,110.868190898983,98.07841209755
"510","NAM",2022,NA,66.897,NA,NA,NA,NA,NA,NA,NA,NA,NA,NA,NA,NA,NA,1.42173560144752,NA,NA,NA,NA,NA,NA,NA,NA,NA,929.620049461258,NA,NA,NA,51.1735974657244,2889662,2.51308806464795,26.343,221580,NA,NA,39.7,25,12569449123.3661,NA,NA,NA,NA,104.558631771624,91.8387075920863
"511","NOR",2018,NA,2.602,53.604,44.936,83.909,82.872,6.42586594247462,75.239,70.158,NA,NA,NA,0.999989986419678,0.977540016174316,0.955389976501465,1.32647001743317,NA,8,3.4,8.9,48.82,NA,NA,2.46954517824601,NA,7019.0837494867,NA,NA,0.783224105834961,49.6080295902313,5311916,0.165560788690883,10.4,449330,NA,NA,2,1.4,439788625883.8,NA,0.770489990711212,NA,NA,99.4349670410156,99.3339462280273
"512","NOR",2019,NA,2.227,55.586,45.188,84.479,83.224,6.74502790481969,74.83,69.654,NA,NA,NA,0.999819993972778,0.975560009479523,0.951489984989166,1.32823002338409,7.67957977902199,8.3,3.4,8.8,NA,NA,NA,-3.89148503386149,NA,7432.08519121522,NA,NA,NA,49.5909386616492,5347896,0.44339856309783,10.2,453696,NA,NA,2,1.4,408742840909.091,NA,0.824299991130829,NA,NA,99.2922515869141,99.3486862182617
"513","NOR",2020,NA,1.776,54.124,45.039,84.483,82.834,6.74502790481969,74.808,69.244,NA,NA,NA,1.00313997268677,0.977140009403229,0.951499998569489,1.33463001251221,NA,8.7,3.3,8.6,NA,NA,NA,-8.07058464481223,NA,7683.81607700436,NA,NA,0.793130159378052,49.5696723330458,5379475,-1.85769609648001,9.8,455490,NA,NA,1.9,1.4,367633418886.627,NA,0.980820000171661,NA,NA,99.3518295288086,99.4690322875977
"514","NOR",2021,NA,1.715,60.463,48.799,83.754,82.33,6.74502790481969,73.039,68.962,NA,NA,NA,NA,NA,NA,1.33692002296448,NA,8.2,3.4,8.8,NA,NA,NA,15.0892964053106,NA,8782.74788669876,NA,NA,NA,49.5534561086343,5408320,3.35449506555356,10.4,457341,NA,NA,1.9,1.3,503367986030.268,0.11749267578125,0.865289986133575,2.85202860832214,NA,99.248893737793,99.4989166259766
"515","NOR",2022,NA,1.411,54.866,44.838,81.28,81.29,NA,68.895,62.496,NA,NA,NA,NA,NA,NA,1.33686995506287,NA,7.2,3.5,9.1,NA,NA,NA,NA,NA,9927.32151424684,NA,NA,NA,49.5810366584677,5457127,2.32282354360895,9.4,462497,NA,NA,1.9,1.3,596297651035.798,NA,0.959930002689362,NA,NA,99.2002487182617,99.5172729492188
"516","OED",2018,NA,21.361506525046,57.4797323662663,33.6643288074111,80.8687827113748,72.865849785926,4.35281056757727,71.1085815978342,62.4029057408683,NA,NA,1.00032997131348,0.997200012207031,1.00273001194,1.0073299407959,1.15137004852295,NA,NA,NA,NA,NA,NA,NA,1.40776494893447,NA,5214.51442933553,NA,NA,NA,50.5914250221724,1356470975,1.70843745616469,11.1866144108952,114207376,48.8168,51.1832,6.14074210688119,4.12649450929202,53633758340295.1,NA,NA,NA,99.29623,97.3393402099609,94.7287063598633
"517","OED",2019,NA,20.6082658474954,57.4988477185593,34.0133809867374,80.8365456545476,73.1065246113374,4.37859701124299,71.0251389541873,62.3419139764381,NA,NA,1.00027000904083,1.00034999847412,1.00277996063232,1.00478994846344,1.16120004653931,6.72933549678216,NA,NA,NA,NA,NA,NA,1.13177728419502,NA,5484.25356173279,NA,NA,NA,50.5787200486953,1364155119,1.28425689579497,10.9091925208962,114314048,NA,NA,6.00859311233872,4.06547182572434,54181531589081.8,NA,NA,NA,NA,99.9262771606445,94.3173904418945
"518","OED",2020,NA,19.5481340800424,54.6055885470955,32.2612149369141,79.6331143957618,71.7689997289247,4.38007292195583,68.508490988018,60.1037678234723,NA,NA,1.00040996074676,0.997340023517609,1.00249004364014,1.00668001174927,1.17444002628326,NA,NA,NA,NA,NA,NA,NA,-5.65699570816886,NA,5955.55951022246,NA,NA,NA,50.5784475305539,1369327995,-4.2652033064624,10.5233307538856,114951112,NA,NA,5.9047844584081,3.97900230658745,52999808975237.4,NA,NA,NA,NA,99.7308502197266,97.3285827636719
"519","OED",2021,NA,18.677323795619,56.0229630045815,32.9166174920261,79.5623035902233,72.3424063517918,4.4064442403015,69.8427885617068,61.5646586610616,NA,NA,1.00028002262116,NA,NA,NA,1.19342005252838,NA,NA,NA,NA,NA,NA,NA,4.79913420355555,NA,6330.44961641828,NA,NA,NA,50.5889511910384,1371811773,5.76524565168239,10.5061264619567,115077736,NA,NA,5.80134634820117,3.88091729119145,59193139223744.6,NA,NA,NA,NA,99.6573486328125,95.91015625
"520","OED",2022,NA,18.0544662076704,56.2793488678687,32.6638504503651,79.9240283610666,72.9105628287459,NA,70.2071245263997,61.9829765150673,NA,NA,1.00028002262116,NA,NA,NA,1.19992005825043,NA,NA,NA,NA,NA,NA,NA,NA,NA,6628.83760477925,NA,NA,NA,50.5978019745178,1379097485,2.50904774544489,10.2107820638133,115353248,NA,NA,5.71264898693856,3.79412285449037,60744315658542.2,NA,NA,NA,NA,97.5915908813477,94.2592163085938
"521","OMN",2018,NA,11.001,82.27,35.6,82.27,35.6,6.49726909438033,82.27,67.85,NA,NA,1.00999999046326,1.10066998004913,0.990920007228851,0.923309981822968,1.40119302589687,NA,NA,NA,NA,NA,NA,NA,9.09871809739364,NA,1127.05832722612,NA,NA,0.651619374752045,35.2140704907786,4597877,-0.0452382355009746,19.269,422006,48.60193,51.39807,8.8,5,91505851755.5267,NA,0.696660756501182,NA,101.85808,97.4994502560236,99.1828048520962
"522","OMN",2019,NA,8.551,NA,NA,NA,NA,6.49726909438033,NA,NA,NA,NA,NA,1.09266996383667,0.983060002326965,0.914709985256195,1.36631249330008,9.76462365102089,NA,NA,NA,NA,NA,NA,-2.86781179120403,NA,1345.07209617403,NA,NA,NA,36.346578190951,4591241,-0.985733221362153,18.858,436236,NA,NA,8.7,4.9,88060858257.4772,NA,2.48761087307523,NA,NA,99.1467271316904,97.1401295035697
"523","OMN",2020,NA,7.439,NA,NA,NA,NA,6.49726909438033,NA,NA,NA,NA,1,1.06295001506805,0.974579989910126,0.91881000995636,1.32335509112428,NA,NA,NA,NA,NA,NA,NA,-1.85553890597552,NA,1797.54098168045,NA,NA,0.647709429264069,37.8940301992528,4522497,-1.91104857604375,18.856,453783,NA,NA,8.6,4.9,75909492847.8544,NA,9.98800796172438,NA,NA,92.3473563594696,94.7362411509477
"524","OMN",2021,NA,6.743,83.47,26.56,91.94,60.7,6.49726909438033,78.44,57.9,NA,NA,NA,0.996529996395111,0.960020005702972,0.936540007591248,1.32167443788984,NA,NA,NA,NA,NA,NA,NA,-2.92729126105756,NA,1661.21502581961,NA,NA,NA,38.8732261671345,4500424,3.08530454964595,18.337,473208,NA,NA,8.6,4.8,87323797139.1417,NA,10.4506367181993,NA,NA,88.9595405363827,98.8712405323921
"525","OMN",2022,NA,5.875,NA,NA,NA,NA,NA,NA,NA,NA,NA,1,NA,NA,NA,NA,NA,NA,NA,NA,NA,NA,NA,NA,NA,1177.55027590688,NA,NA,NA,38.444801580305,4730226,2.73958764672784,16.353,489313,NA,NA,8.5,4.8,109852795838.752,NA,10.8292867433155,NA,NA,86.8265162200282,89.2704895489549
"526","OSS",2018,NA,31.8824325643491,NA,NA,NA,NA,5.33132428697283,NA,NA,NA,3.42857142857143,0.9930499792099,0.984679996967316,1.00736999511719,1.04448997974396,1.34765005111694,NA,NA,NA,NA,NA,NA,NA,1.57375384411944,NA,1368.67484318449,NA,NA,NA,49.495498205109,12135267,3.16343957322276,16.9713229666063,2313156.75,49.76112,50.23888,28.1212584629571,16.8892669077143,157519922450.079,NA,NA,NA,104.0825,84.4711227416992,67.2939071655273
"527","OSS",2019,NA,30.9703525428874,NA,NA,NA,NA,5.24800013137153,NA,NA,NA,3.42857142857143,0.99466997385025,0.988629996776581,1.00862002372742,1.04199004173279,1.3471599817276,18.815573394303,NA,NA,NA,NA,NA,NA,4.03448160888512,NA,1519.6484341911,NA,NA,NA,49.4237485425181,12281907,3.09206341185228,16.6115908163936,2374208.75,NA,NA,27.6233969304904,16.6497389839473,158082460872.925,NA,NA,NA,NA,84.4524536132812,67.0306930541992
"528","OSS",2020,NA,30.2475445703507,NA,NA,NA,NA,5.25089582474885,NA,NA,NA,3.5,0.998329997062683,0.989920020103455,1.00821995735168,1.03971004486084,1.35513997077942,NA,NA,NA,NA,NA,NA,NA,-9.27328512673759,NA,1668.24159489763,NA,NA,NA,49.3721495289935,12417333,-6.82458875509836,16.38664524387,2425227.25,NA,NA,26.9765261074745,16.369353611047,145642308336.75,NA,NA,NA,NA,84.6741409301758,67.4559478759766
"529","OSS",2021,NA,29.602885498894,51.1539984460678,33.1385536963491,82.3763776744853,75.9301635023883,5.23908612973547,69.0404737079606,62.3419528042195,NA,3.5,1.00358998775482,NA,NA,NA,1.34724998474121,NA,NA,NA,NA,NA,NA,NA,3.2766992506898,NA,1882.41027809924,NA,NA,NA,49.3487304950512,12541889,6.67006819035826,16.2189700698196,2493107,NA,NA,26.2418277256097,16.0404066317712,171465890505.668,NA,NA,NA,NA,84.2338714599609,68.6147232055664
"530","OSS",2022,NA,29.0925386689561,NA,NA,NA,NA,NA,NA,NA,NA,3.57142857142857,1.00771999359131,NA,NA,NA,1.35256004333496,NA,NA,NA,NA,NA,NA,NA,NA,NA,2006.37664906868,NA,NA,NA,49.34590268858,12699005,3.32558432358563,15.7455421949987,2534676.75,NA,NA,25.8597399999,15.8848716755951,181571679219.508,NA,NA,NA,NA,84.2572326660156,68.0428237915039
"531","PAN",2019,NA,69.342,73.134,41.604,89.734,81.6,2.8,83.756,71.804,NA,NA,1,0.984726011753082,NA,NA,NA,13.3672704197102,22.8,1.2,3.6,8.89,NA,NA,-2.73069341914835,NA,2779.18297112805,NA,NA,NA,49.9340449146339,4234700,1.47570135325034,17.57,NA,NA,NA,12.7,7.5,69778991200,NA,9.89651012420654,NA,NA,86.9281959512359,74.9602814344076
"532","PAN",2020,NA,62.55,66.731,39.168,84.776,77.803,2.8,81.775,71.261,NA,NA,NA,0.989149987697601,NA,NA,1.35967328521477,NA,NA,NA,NA,NA,NA,NA,-11.0900327136454,NA,2871.20147843868,NA,NA,0.518514454364777,49.949886578058,4293261,-18.9421660019842,16.718,NA,NA,NA,12.2,7.4,57059846500,NA,9.31831579136836,NA,NA,87.4081237911025,73.3989449203018
"533","PAN",2021,NA,58.035,67.435,32.997,85.112,75.621,2.8,80.148,65.974,NA,NA,0.999,0.989219427108765,1.01088798046112,1.0391252040863,1.37329103208766,NA,21.4,1.2,3.7,NA,NA,NA,-1.51062094902643,NA,3070.42750207083,NA,NA,NA,49.9700488216864,4345405,15.0695424701587,16.401,NA,NA,NA,11.6,7.1,67396392500,NA,3.43121273697608,NA,NA,94.7014597738997,84.6987747727401
"534","PAN",2022,NA,57.772,73.682,38.478,84.814,75.741,NA,82.818,69.126,NA,NA,0.999,NA,NA,NA,1.38323072667266,NA,NA,NA,NA,NA,NA,NA,NA,NA,3332.29038489472,NA,NA,NA,49.9815600577444,4400773,9.37602551245362,16.239,NA,NA,NA,11.1,6.9,76276116700,NA,2.71169596351278,NA,NA,93.2062853414528,82.2732478560854
"535","PHL",2018,NA,42.908,NA,NA,NA,NA,1.84,NA,NA,NA,NA,NA,0.962437927722931,1.02580893039703,1.10029077529907,1.22851206860815,NA,13,2.5,6.2,4,NA,NA,3.38749137960555,NA,335.9438445325,NA,NA,0.578967392444611,50.0203904823271,109465287,5.03429067114457,19.418,10562477,NA,NA,22.6,14.1,346841896587.313,NA,10.9665484335604,NA,NA,105.887626670051,81.0999639386402
"536","PHL",2019,NA,38.109,NA,NA,NA,NA,1.84,NA,NA,NA,NA,1.00999999046326,0.970158874988556,1.02519476413727,1.08543932437897,1.2122769904019,24.281664665108,NA,NA,NA,NA,NA,NA,2.70542460569307,NA,377.788325433909,NA,NA,NA,50.09436830391,110804683,4.83577546655691,18.104,11346712,NA,NA,22.7,14.3,376823402239.136,4.81208038330078,9.73440815301731,89.1617202758789,NA,98.0368681210744,83.7482428150403
"537","PHL",2020,NA,34.477,NA,NA,NA,NA,1.84,NA,NA,NA,NA,1,0.976088404655457,1.0238698720932,1.07524430751801,1.18988931541608,NA,NA,NA,NA,NA,NA,NA,-12.1563289392101,NA,424.157859393583,NA,NA,0.538472712039948,50.1205759064245,112081264,-10.5488615065624,17.017,11696280,NA,NA,22.8,14.4,361751145451.597,NA,9.46478530627279,NA,NA,94.8418752283601,86.1533502728723
"538","PHL",2021,NA,32.45,67.894,38.195,67.654,58.475,1.84,52.014,42.392,NA,NA,NA,0.976957738399506,1.02612137794495,1.07713508605957,1.23047820382535,NA,11.7,2.7,6.5,NA,NA,NA,-3.07892136842291,NA,537.433380786325,NA,NA,NA,50.1156347493102,113100950,4.76163916254069,16.108,11566641,NA,NA,22.7,14.4,394087359848.11,NA,13.0695626810057,NA,NA,88.7398215691874,90.4821748675612
"539","PHL",2022,1.5,32.161,71.691,44.344,72.078,64.53,NA,56.749,47.503,59.1,NA,0.996100008487701,NA,NA,NA,1.28499263579399,NA,NA,NA,NA,NA,NA,NA,NA,NA,529.394712310738,84.8,82.3,NA,50.1166351695332,113964338,6.76595410569132,16.057,12575149,NA,NA,22.4,14.2,404353369604.631,NA,11.8026213541786,NA,NA,85.6848127720532,99.249280726358
"540","PRE",2018,NA,106.102455910091,NA,NA,NA,NA,2.77244299498362,NA,NA,NA,3,0.892729997634888,0.940180003643036,0.910749971866608,0.835280001163483,0.675419986248016,NA,NA,NA,NA,NA,NA,NA,NA,NA,140.853175044889,NA,NA,NA,50.0586911032619,946317177,-0.171490932148259,36.5613236312586,55372804,44.62379,55.37621,52.5555184092646,29.4004820796564,1362634002287.22,NA,NA,NA,105.3131,64.5126724243164,39.4656982421875
"541","PRE",2019,NA,103.644898051285,NA,NA,NA,NA,2.71737354841897,NA,NA,NA,2.98529411764706,0.897849977016449,0.940159976482391,0.911300003528595,0.83762001991272,0.684859991073608,54.7690772223581,NA,NA,NA,NA,NA,NA,NA,81.3587113157055,145.704111219573,NA,NA,NA,50.0510927874168,972302503,0.57937946085957,35.9480536208761,58167608,NA,NA,51.2817838109435,28.9089433792092,1435723143391.13,NA,NA,NA,NA,64.6462020874023,40.1848793029785
"542","PRE",2020,NA,101.389120153336,NA,NA,NA,NA,2.70141020442248,NA,NA,NA,3.01470588235294,0.900569975376129,0.94047999382019,NA,NA,0.689260005950928,NA,NA,NA,NA,NA,NA,NA,NA,NA,156.13741430251,NA,NA,NA,50.0455228824466,998624261,-5.10438218027673,35.3803848718732,61489528,NA,NA,49.7186076410923,28.4166823999051,1318892160079.38,NA,NA,NA,NA,65.2533111572266,41.0612602233887
"543","PRE",2021,NA,100.06695592688,NA,NA,NA,NA,2.77495301189747,NA,NA,NA,3.07575757575758,0.90514999628067,NA,NA,NA,0.6978600025177,NA,NA,NA,NA,NA,NA,NA,NA,NA,170.007685499671,NA,NA,NA,50.0406964521366,1024960313,0.535952826068623,35.0514279646299,64214040,NA,NA,48.6301223757596,27.9283714709374,1447970750253.63,NA,NA,NA,NA,66.7005081176758,41.5487289428711
"544","PRE",2022,NA,98.7074615187672,NA,NA,NA,NA,NA,NA,NA,NA,3.04411764705882,0.909430027008057,NA,NA,NA,NA,NA,NA,NA,NA,NA,NA,NA,NA,NA,177.288643889664,NA,NA,NA,50.0363297558051,1051201551,1.69496454846998,34.6904289948284,66306832,NA,NA,48.4289891841862,27.463781604122,1658497791360.45,NA,NA,NA,NA,66.248893737793,NA
"545","PRT",2018,NA,7.595,56.91,42.9,83.993,83.192,4.59677660850777,77.297,74.907,NA,NA,NA,0.974120020866394,0.986050009727478,0.995779991149902,1.16411995887756,NA,11.5,2.8,7.4,18.26,NA,NA,2.21087686299795,NA,3285.39906869516,NA,NA,0.792505025863647,52.5759458296486,10283822,3.11123559095969,8.4,767094,NA,NA,2.9,2,242092894542.888,NA,2.3395299911499,NA,NA,99.0029067993164,96.8717575073242
"546","PRT",2019,NA,7.608,55.684,41.544,84.721,83.158,4.58769656643003,76.971,75.259,NA,NA,NA,0.979139983654022,0.993099987506866,1.00462996959686,1.1719399690628,8.5170034449767,11.2,2.8,7.6,NA,NA,NA,2.64144065987195,NA,3603.89655682628,NA,NA,NA,52.5577736281972,10286263,2.7213025475328,8.4,756915,NA,NA,2.8,1.9,240115970063.019,NA,1.26962995529175,NA,NA,100.181709289551,96.5720062255859
"547","PRT",2020,NA,6.776,53.544,39.116,83.038,82.034,4.58769656643003,74.421,72.27,NA,NA,NA,0.988300025463104,0.997269988059998,1.0045599937439,1.17445003986359,NA,12.3,2.4,6.9,NA,NA,NA,-9.08605230163492,NA,3784.39533991827,NA,NA,0.781325161457062,52.4928841548706,10297081,-8.301071215984,8.1,742232,NA,NA,2.7,1.8,229618773422.577,NA,NA,NA,NA,101.368011474609,98.5621032714844
"548","PRT",2021,NA,5.811,50.215,36.666,84.281,83.371,4.58769656643003,75.007,72.553,NA,NA,NA,NA,NA,NA,1.17112004756927,NA,10.6,2.8,7.4,NA,NA,NA,4.07427452302598,NA,4340.7309791285,NA,NA,NA,52.4107021529107,10361831,4.89913206040184,7.6,736558,NA,NA,2.7,1.7,256055879091.139,2.64656829833984,NA,4.41407585144043,NA,102.327621459961,101.265899658203
"549","PRT",2022,NA,6.642,50.709,37.702,83.22,82.089,NA,76.274,73.968,NA,NA,NA,NA,NA,NA,1.17422997951508,NA,11.7,2.5,6.9,NA,NA,NA,NA,NA,4682.92539784058,NA,NA,NA,52.3621078588966,10434332,6.24247071394031,8,739889,NA,NA,2.6,1.7,256898675068.927,NA,NA,NA,NA,99.3972473144531,102.101707458496
"550","PSE",2018,NA,41.694,69.135,5.832,85.161,64.778,4.07809722538055,64.709,37.362,NA,NA,1,1.00260996818542,1.06175994873047,1.10153996944427,1.3256086158505,NA,NA,NA,NA,NA,NA,NA,NA,NA,588.50619446537,NA,NA,0.599004745483398,50.366862436585,4569087,-1.30481419195327,30.529,764986,51.44826,48.55174,14.1,10.1,16276600000,NA,6.12834084248283,NA,101.23374,94.8741203540418,90.947157013206
"551","PSE",2019,NA,40.399,69.482,5.695,85.506,64.306,4.07809722538055,65.679,37.673,NA,NA,1,0.999339997768402,1.05812001228333,1.09719002246857,1.35128116462817,NA,NA,NA,NA,NA,NA,NA,NA,NA,565.158136875195,NA,NA,NA,50.3404354540188,4685306,-1.15161366535136,29.708,787188,NA,NA,13.6,9.7,17133500000,NA,6.81921379754647,NA,NA,93.7496956811063,93.3481030185544
"552","PSE",2020,NA,38.946,63.95,4.474,82.721,57.279,4.07809722538055,61.021,34.674,NA,NA,1,0.995720028877258,1.05884003639221,1.1003600358963,1.35535753727852,NA,NA,NA,NA,NA,NA,NA,NA,98.7,555.457960843787,NA,NA,0.606856763362885,50.3180074844783,4803269,-13.4963869730477,28.877,806276,NA,NA,13.2,9.4,15531700000,NA,7.61431373669276,NA,NA,96.4084670853687,93.9867492438427
"553","PSE",2021,NA,37.919,68.069,4.226,85.076,60.668,4.07809722538055,64.692,36.504,NA,NA,1.00011264354387,0.99497002363205,1.05481994152069,1.09232997894287,1.36416274972052,NA,NA,NA,NA,NA,NA,NA,NA,NA,616.63430217211,NA,NA,NA,50.2996238430111,4922749,4.41469534491321,28.225,837666,NA,NA,12.8,9.1,1.8109e+10,NA,9.13997083627727,NA,NA,92.9246940552763,93.5886129532948
"554","PSE",2022,NA,36.837,70.094,5.671,85.726,61.639,NA,66.943,37.728,NA,NA,1,NA,NA,NA,1.35879123335396,NA,NA,NA,NA,NA,NA,NA,NA,NA,625.432989212633,NA,NA,NA,50.2802496385669,5043612,1.58856471383393,27.575,854538,NA,NA,12.3,8.8,19165500000,NA,9.97265942510899,NA,NA,93.3765977172212,94.6207135434707
"555","PSS",2018,NA,43.5307855679698,NA,NA,NA,NA,5.86254418031603,NA,NA,NA,3.0625,NA,0.982209980487823,1.01511001586914,1.06630003452301,1.26084995269775,NA,NA,NA,NA,NA,NA,NA,NA,NA,346.3681969708,NA,NA,NA,49.6865088792699,2542009,1.47399766496473,25.1624810049846,251753.078125,NA,NA,19.1626971843097,10.7716758125791,10792820189.4419,NA,NA,NA,107.7434,95.3845596313477,80.4448013305664
"556","PSS",2019,NA,42.7041911501072,NA,NA,NA,NA,5.80494588042457,NA,NA,NA,3.1875,NA,0.979749977588654,1.01504004001617,1.07005000114441,1.26538002490997,15.1089328635915,NA,NA,NA,NA,NA,NA,NA,NA,371.037319814609,NA,NA,NA,49.735697950211,2568656,0.104260546170792,24.7085617782218,255327.84375,NA,NA,19.3966172462147,10.9554128787282,10712120596.8045,NA,NA,NA,NA,95.2153472900391,82.695068359375
"557","PSS",2020,NA,42.0982443449832,NA,NA,NA,NA,5.99769055083274,NA,NA,NA,3.33333333333333,NA,0.98198002576828,1.01818001270294,1.07375001907349,1.18603003025055,NA,NA,NA,NA,NA,NA,NA,NA,NA,383.881167838354,NA,NA,NA,49.7830703534225,2595522,-11.0809470896487,24.302041626694,259011.765625,NA,NA,19.4172902530281,11.0471954467626,9515415337.73428,NA,NA,NA,NA,93.0436630249023,83.6976699829102
"558","PSS",2021,NA,41.6361084291325,NA,NA,NA,NA,5.98471317435821,NA,NA,NA,3.27777777777778,NA,NA,NA,NA,1.13249003887176,NA,NA,NA,NA,NA,NA,NA,NA,NA,463.651177745575,NA,NA,NA,49.8177285525131,2625493,-3.79971275601419,24.0146262103917,267401.71875,NA,NA,19.3875368754956,11.0243346550357,9581825673.82542,NA,NA,NA,NA,94.5212326049805,81.1096115112305
"559","PSS",2022,NA,41.2060844713637,NA,NA,NA,NA,NA,NA,NA,NA,3.27777777777778,NA,NA,NA,NA,1.05251002311706,NA,NA,NA,NA,NA,NA,NA,NA,NA,373.768161174066,NA,NA,NA,49.8340968818163,2656049,8.11667926192324,23.618105175394,289123.125,NA,NA,19.2214754830071,10.9390709685647,10328388317.1998,NA,NA,NA,NA,95.3132400512695,78.6571273803711
"560","PST",2018,NA,11.0939779853496,52.1273856977904,33.0094747246851,79.6695305305382,72.7447738553564,4.34584873438994,69.0999917575708,62.3132365800849,NA,NA,NA,0.998560011386871,0.996959984302521,0.995670020580292,1.18832004070282,NA,NA,NA,NA,NA,NA,NA,1.5962645306474,NA,6084.53988837533,NA,NA,NA,50.6958392072791,1111377470,1.85756094241827,9.81289690951896,83039840,48.56998,51.43002,4.18888249540161,2.83679803178001,50599156664416.6,NA,NA,NA,99.75744,96.1713333129883,95.3853073120117
"561","PST",2019,NA,10.4426989599116,52.2315142838534,32.9945977987061,79.5234262821289,72.7914126469796,4.36399981645125,68.8766628822617,62.1352284650919,NA,NA,NA,1.00250005722046,0.997630000114441,0.993659973144531,1.1952999830246,6.31331731818636,NA,NA,NA,NA,NA,NA,1.25232253183114,NA,6406.9098230767,NA,NA,NA,50.6755227725311,1114907717,1.51393608668346,9.56667070678909,83160056,NA,NA,4.1220030933533,2.79551048111153,51135209515081.4,NA,NA,NA,NA,99.38330078125,94.7691421508789
"562","PST",2020,NA,9.57931205888023,50.9357879886563,31.9901382624736,78.7529588098374,71.7404589939481,4.34873850134847,67.4585060502785,60.6735868194619,NA,NA,NA,0.998910009860992,0.996469974517822,0.994509994983673,1.20699000358581,NA,NA,NA,NA,NA,NA,NA,-5.3850082826048,NA,6983.70658540979,NA,NA,NA,50.6675004887519,1117025276,-4.26069214643515,9.21703129825059,83252296,NA,NA,4.10139169008525,2.74268611283336,50140341964133.7,NA,NA,NA,NA,98.8220825195312,94.7918395996094
"563","PST",2021,NA,8.88800055794141,50.7920522078058,32.4486978573539,77.9195204073643,72.1346943084962,4.37549052393009,67.3100983559747,61.4051303313728,NA,NA,NA,NA,NA,NA,1.22451996803284,NA,NA,NA,NA,NA,NA,NA,5.03540779895486,NA,7422.75844089153,NA,NA,NA,50.669641824864,1116609473,5.71856861995994,9.25292453841917,83778448,NA,NA,4.09641477391411,2.69688547611141,55855082520061,NA,NA,NA,NA,98.5431137084961,95.9290008544922
"564","PST",2022,NA,8.52726595233774,51.7677099363211,32.1960904292219,78.0662027233085,72.867271580266,NA,67.439804716745,61.564854899508,NA,NA,NA,NA,NA,NA,1.22495996952057,NA,NA,NA,NA,NA,NA,NA,NA,NA,8041.49189114015,NA,NA,NA,50.6646967493442,1117926537,2.61434088833229,8.95633298547774,83909888,NA,NA,4.09082593379732,2.65523274149334,57128680173110.1,NA,NA,NA,NA,95.9966125488281,93.4879302978516
"565","QAT",2018,NA,7.789,NA,NA,NA,NA,2.37937686992575,NA,NA,NA,NA,NA,1.01025998592377,NA,NA,1.9013304864229,NA,NA,NA,NA,NA,NA,NA,5.73136988731264,NA,2779.61358350911,NA,NA,0.658281087875366,25.6932457657013,2580734,-0.134704952518092,9.921,107232,48.94687,51.05313,5.6,3.7,183334953818.681,NA,NA,NA,107.90628,100.713459313536,96.8365750055891
"566","QAT",2019,NA,7,96.55,62.39,96.94,62.83,2.44868874881754,92.95,82.04,NA,NA,NA,1.02991998195648,NA,NA,1.88729307220442,4.95048572778131,NA,NA,NA,NA,NA,NA,-5.60434945469027,NA,3023.1159714218,NA,NA,NA,26.710806599188,2638657,-1.52203684233693,9.979,115275,NA,NA,5.4,3.7,176371267692.308,NA,1.98510508600355,NA,NA,99.7229405245659,98.5584218512898
"567","QAT",2020,NA,6.137,95.93,60.21,97.71,64.16,2.44868874881754,91.78,79.64,NA,NA,NA,1.03399002552032,NA,NA,1.88184843019841,NA,NA,NA,NA,NA,NA,NA,-17.0638679523866,NA,3534.7508110442,NA,NA,0.66991251707077,27.8904435223816,2794148,-8.92450817587073,10.046,120492,NA,NA,5.2,3.7,144411363351.648,NA,2.34312492856326,NA,NA,103.724005916645,98.1879124332251
"568","QAT",2021,NA,4.894,95.52,53.81,97.64,69.47,2.44868874881754,90.91,78.74,NA,NA,NA,1.02335000038147,NA,NA,1.79260788571732,NA,NA,NA,NA,NA,NA,NA,NA,NA,2831.77710502567,NA,NA,NA,28.177693498573,2504910,13.3615381417796,9.555,127138,NA,NA,5.1,3.8,179732009560.44,0.542488098144531,12.4587122754627,16.468894958496,NA,90.4837490551776,89.7713708566706
"569","QAT",2022,NA,5.63,94.26,49.47,NA,NA,NA,91.98,82.67,NA,NA,NA,NA,NA,NA,1.78702959696754,NA,NA,NA,NA,NA,NA,NA,NA,NA,2317.84419023463,NA,NA,NA,28.1529358278694,2657333,-1.79097889792256,10.099,132684,NA,NA,5,3.7,235709325714.286,NA,7.10656927471087,NA,NA,95.5404561074664,94.4754517075017
"570","ROU",2018,NA,36.909,43.839,22.578,83.893,81.477,3.22957942509092,72.171,63.827,NA,NA,NA,0.991530001163483,0.998149991035461,1.00248003005981,1.1883499622345,NA,18.1,1.6,5.4,9.66,NA,NA,6.61321059947619,70.2,1626.59995214633,NA,NA,0.621309876441956,51.5969488932268,19473970,6.74621833375173,10.4,1457948,NA,NA,6,3.3,243468683030.34,NA,8.50129985809326,NA,NA,87.9428329467773,84.5476531982422
"571","ROU",2019,NA,35.21,45.746,22.712,83.602,81.618,3.4048865574169,71.219,62.574,NA,NA,NA,0.990320026874542,0.998179972171783,1.00329005718231,1.2054500579834,5.32769761915331,18,1.7,5.7,NA,NA,NA,6.36814874466458,69.9,1912.9254870528,NA,NA,NA,51.5728140882398,19371648,4.47219165400254,10.3,1442475,NA,NA,5.6,3.2,251677082534.495,NA,7.56694984436035,NA,NA,87.4866790771484,86.657096862793
"572","ROU",2020,NA,34.155,45.923,22.154,83.258,81.151,3.4048865574169,70.477,61.693,NA,NA,NA,0.99057000875473,0.999409973621368,1.00501000881195,1.21485996246338,NA,18,1.7,5.6,NA,NA,NA,0.123877661479256,72.3,2128.22295386174,NA,NA,0.611310243606567,51.5512465973903,19265250,-3.14239791281243,10.3,1437614,NA,NA,5.4,3.1,252033792712.145,NA,8.29329967498779,NA,NA,86.7761383056641,84.9726181030273
"573","ROU",2021,NA,33.234,40.687,14.2,82.912,80.899,3.4048865574169,65.791,57.055,NA,NA,1,NA,NA,NA,1.2317099571228,NA,17,1.9,6,NA,NA,NA,4.56984805246776,NA,2446.46973632852,NA,NA,NA,51.5550550517527,19122059,6.33606362005621,10.1,1442872,NA,NA,5.3,3.1,286578196368.297,NA,9.69925975799561,NA,NA,88.502067565918,66.7829437255859
"574","ROU",2022,NA,33.514,41.87,14.918,83.99,82.046,NA,65.157,56.949,NA,NA,NA,NA,NA,NA,1.23793005943298,NA,17.6,1.9,5.9,NA,NA,NA,NA,NA,2471.56467831116,NA,NA,NA,51.5654982714096,19048502,4.36677630016675,9.4,1446017,NA,NA,5.4,3.2,296354358293.475,NA,15.6827297210693,NA,NA,82.7013168334961,79.1248474121094
"575","SAS",2018,NA,24.0952933807404,74.0405865746767,16.9785244668552,80.9264290735264,32.9651701415006,2.87144405208154,60.5010391885578,41.5998050016857,NA,3.5,0.977829992771149,0.987129986286163,0.996649980545044,1.00426995754242,1.00387001037598,NA,NA,NA,NA,NA,NA,NA,4.94377164705273,NA,185.362821747197,NA,NA,NA,48.7091943563499,1589164714,5.27934085506818,18.1475574115529,153856576,47.60807,52.39193,36.5,26.4,3159841615195.07,NA,NA,NA,103.7881,98.2631301879883,88.4046020507812
"576","SAS",2019,NA,23.6388754172223,74.567180663213,20.0097062622688,81.871133554734,35.6242072461885,2.85167925296945,62.3621578370143,42.7944685839397,NA,3.6,0.973649978637695,0.991119980812073,1.00069999694824,1.00838994979858,1.03394997119904,23.8445704340893,NA,NA,NA,NA,17.66,6.38,2.69954099466372,84.1825123809623,200.057272085123,NA,NA,NA,48.7120095448918,1605412986,3.04100951053226,17.6684782271993,152900192,NA,NA,35.1,25.3,3318484576527.33,9.96950531,NA,54.38729858,NA,98.0618133544922,87.9779510498047
"577","SAS",2020,1.61305102320408,23.3138101764624,74.6267203230653,22.2378998884737,81.9469475690925,33.9482598112304,2.82890684639074,61.3864860004756,42.9310013069602,NA,3.5,0.977850019931793,0.99098002910614,0.992489993572235,0.992219984531403,1.04572999477386,NA,NA,NA,NA,NA,NA,NA,-6.60774678165545,NA,213.478845505602,NA,NA,NA,48.7170446222173,1621073417,-5.90537297999809,17.1258043209131,156382224,NA,NA,33.7,24.3,3172770463749.49,NA,NA,NA,NA,99.6266403198242,89.8812026977539
"578","SAS",2021,NA,22.8284841488847,75.8506476314719,23.1524572967403,83.5538465875409,34.1766142812842,2.84195122023418,63.3317854784498,44.1981569009335,73.6848414985825,3.5,0.981180012226105,NA,NA,NA,1.02781999111175,NA,NA,NA,NA,NA,NA,NA,8.90404017610378,NA,242.258210072347,NA,NA,NA,48.7272504158295,1634785356,8.33028192637491,16.8988487191844,160667792,NA,NA,32.5,23.4,3717045071833.11,NA,NA,NA,NA,100.29956817627,91.0523071289062
"579","SAS",2022,NA,22.4057962680861,76.0081004997561,28.2343075681763,84.98979256748,39.3027731116978,NA,66.2665068729222,47.4227838797975,NA,3.6,0.984799981117249,NA,NA,NA,0.99847000837326,NA,NA,NA,NA,NA,NA,NA,NA,NA,269.740413247219,NA,NA,NA,48.7408094723788,1648009565,6.24173655779443,16.7759229680836,161085120,NA,NA,31.3,22.6,3930640282535.14,NA,NA,NA,NA,113.395050048828,91.4454116821289
"580","SAU",2018,NA,14.249,72.762,15.466,92.671,52.312,7.1861867,77.821,54.151,NA,NA,NA,1.01145005226135,0.977729976177216,0.943440020084381,1.14297133916984,NA,NA,NA,NA,NA,1.31,0.58,11.5299225103614,NA,3009.36269986887,NA,NA,0.611184060573578,38.3712858701036,30196281,5.89707730206987,19.739,2743551,47.58781,52.41219,6.1,3.7,886564800000,NA,NA,NA,92.12807,102.529992619217,105.067987530838
"581","SAU",2019,NA,12.803,75.959,18.57,93.499,53.555,7.1861867,78.385,55.346,NA,NA,NA,1.01504004001617,0.960340023040771,0.904990017414093,1.13756000995636,7.13055653028488,NA,NA,NA,NA,NA,NA,0.858717080438282,NA,3151.00620920222,NA,NA,NA,38.8316345731402,30063799,2.09951105043169,18.075,2714001,NA,NA,5.8,3.5,888890133333.333,NA,NA,NA,NA,98.6032624713284,101.628126695478
"582","SAU",2020,NA,11.266,71.64,19.551,93.699,54.912,7.1861867,78.595,58.442,NA,NA,1,1.01923000812531,0.974160015583038,0.928040027618408,1.1668131916403,NA,NA,NA,NA,NA,NA,NA,-15.4582726109182,NA,3649.84644141117,NA,NA,0.595406949520111,39.1110226845957,31552510,-8.34344976348105,16.628,2782249,NA,NA,5.5,3.3,767951200000,NA,1.50195002555847,NA,NA,96.9271449963492,100.582969665527
"583","SAU",2021,NA,10.467,65.468,24.168,92.583,53.84,7.1861867,78.757,61.095,NA,NA,NA,1.01462996006012,0.988870024681091,0.961070001125336,1.10304999351502,NA,NA,NA,NA,NA,NA,NA,NA,NA,3511.99653404838,NA,NA,NA,39.2660742856915,30784383,9.17745692710805,15.902,2849949,NA,NA,5.3,3.2,982661066666.667,5.0306167602539,2.75535011291504,22.7817230224609,NA,96.2773716777276,100.431663513184
"584","SAU",2022,NA,10.29,67.364,21.063,92.803,55.925,NA,79.542,61.185,NA,NA,NA,NA,NA,NA,1.19510996341705,NA,NA,NA,NA,NA,NA,NA,NA,NA,3102.1820531522,NA,NA,NA,39.2656434652215,32175224,7.15912905732745,15.217,3403312,NA,NA,5.1,3.1,1239075200000,NA,NA,NA,NA,120.400338869515,117.378211975098
"585","SEN",2019,4.4,64.558,45.899,26.584,67.758,57.798,4.98871857494673,51.215,45.014,52.6,3.5,0.930000007152557,1.14191997051239,1.13727998733521,1.13162004947662,0.758728389680571,43.7546078460253,NA,NA,NA,NA,NA,NA,1.38739445493754,97.6,157.29119984524,10.2,NA,NA,49.5099407922327,16352922,1.80892290260792,30.405,1149844,NA,NA,34.9,26.2,23403995992.1354,19.2403488159179,18.5201606750488,56.550537109375,NA,67.9151080004827,39.175778333992
"586","SEN",2020,NA,63.118,NA,NA,NA,NA,4.98871857494673,NA,NA,NA,3.5,NA,1.15101003646851,1.15388000011444,1.16217994689941,0.789739823714653,NA,NA,NA,NA,NA,NA,NA,-0.120742292911117,NA,179.99737923553,NA,NA,0.439563810825348,49.3780979329652,16789219,-1.29147593329481,29.931,1195103,NA,NA,33.9,25.3,24530513037.7518,NA,16.0231494903564,NA,NA,68.1266348857108,39.5406948435184
"587","SEN",2021,NA,62.176,NA,NA,NA,NA,4.98871857494673,NA,NA,NA,3.5,NA,1.16403996944427,1.17587995529175,1.2002899646759,0.921798385571904,NA,11.2,3,7.3,3.06,NA,NA,2.57306787343224,NA,168.706631452157,NA,NA,NA,49.2552523200633,17220867,3.8734325976821,29.71,1243408,NA,NA,32.7,24.2,27520784129.7508,NA,17.3894996643066,NA,NA,71.6420334578528,45.2454476578624
"588","SEN",2022,NA,61.034,45.994,25.612,64.307,59.163,NA,44.358,37.994,NA,3.5,NA,NA,NA,NA,0.976150402899237,NA,NA,NA,NA,NA,NA,NA,NA,NA,167.847702048731,NA,NA,NA,49.1466510619761,17651103,1.31913435017567,29.46,1286116,NA,NA,31.4,23.2,27783332222.6759,NA,16.5446710478009,NA,NA,60.7943824338406,43.028970050163
"589","SGP",2018,NA,2.359,NA,NA,NA,NA,2.76,NA,NA,NA,NA,1,0.999279975891113,0.995630025863647,0.990400016307831,1.13105331005905,NA,NA,NA,NA,NA,NA,NA,-1.63994071144245,NA,4048.0127987186,NA,NA,0.900132894515991,48.4483355633967,5638676,2.96719699276471,8.8,166553,NA,NA,2.1,1,377123710560.614,NA,0.131803244117182,NA,NA,100.025906735751,99.1576854661505
"590","SGP",2019,NA,2.303,NA,NA,NA,NA,2.76,NA,NA,NA,NA,1,0.9998499751091,0.9966099858284,0.991940021514893,1.11856969675378,20.7052204629064,NA,NA,NA,NA,NA,NA,-3.19717612913085,NA,4495.07269529729,NA,NA,NA,48.2890833032458,5703569,0.15539750940367,8.8,164290,NA,NA,2,1,376161998830.048,NA,NA,NA,NA,97.8157738683534,100.12410155644
"591","SGP",2020,NA,2.276,NA,NA,NA,NA,2.76,NA,NA,NA,NA,1,0.999549984931946,0.996010005474091,0.990890026092529,1.10066890628684,NA,NA,NA,NA,NA,NA,NA,-9.47601290538678,NA,5712.47994323923,NA,NA,0.889894485473633,48.229077830827,5685807,-3.51423380533573,8.5,164974,NA,NA,1.9,1,349165858544.568,NA,NA,NA,NA,102.175145611051,100.639636851336
"592","SGP",2021,NA,2.16,62.323,52.155,89.407,83.52,2.76,75.941,69.827,NA,NA,1,NA,NA,NA,1.09908584879587,NA,NA,NA,NA,NA,NA,NA,17.6704666074779,NA,6187.13829172381,NA,NA,NA,48.3149276363118,5453566,14.4308159309526,8.6,167023,NA,NA,1.9,0.9,436591382250.464,0.0308074951171875,0.722712575373591,2.07256078720092,NA,99.9688424988316,97.3110959836624
"593","SGP",2022,NA,2.17,65.775,49.327,88.701,82.396,NA,74.063,68.197,NA,NA,NA,NA,NA,NA,1.09789615709285,NA,NA,NA,NA,NA,NA,NA,NA,NA,6657.92720260876,NA,NA,NA,48.3228950677757,5637022,0.719821622511958,7.9,166743,NA,NA,1.8,0.9,509017841146.557,NA,0.798895440217439,NA,NA,99.5066871300154,102.016968957984
"594","SLE",2018,NA,104.136,48.681,42.478,78.003,62.874,5.21954487619478,66.546,61.624,NA,3,0.899499238687112,1.03486001491547,NA,NA,NA,NA,7.5,3.4,7.9,2.16,16.4,3.04,-3.39843430170262,NA,142.253264910421,NA,NA,0.35982084274292,50.1792294035764,7554563,0.50674429876733,33.34,522036,NA,NA,66.3,32.2,6390514688.52816,NA,NA,NA,175.71398,84.7582770504572,50.1821514232701
"595","SLE",2019,3.8,102.178,NA,NA,NA,NA,5.84605251004877,NA,NA,45.4,3,0.870000004768372,1.02634000778198,NA,NA,NA,56.6757595572297,NA,NA,NA,NA,NA,NA,7.46126415393485,97.9,164.005715248754,34.9,27.8,NA,50.1639357831637,7731991,3.08171137743476,32.808,756770,NA,NA,64.1,31.6,6526183564.19893,NA,NA,NA,NA,85.8247449646874,NA
"596","SLE",2020,NA,100.177,NA,NA,NA,NA,6.47256014390258,NA,NA,NA,3,NA,1.03372001647949,NA,NA,NA,NA,NA,NA,NA,NA,NA,NA,-7.27180060699915,NA,162.574497709342,NA,NA,0.370112121105194,50.1527192596882,7912558,-3.50677788869559,32.196,789447,NA,NA,61.9,30.9,6693888876.28565,NA,NA,NA,NA,89.906026557712,NA
"597","SLE",2021,NA,98.06,NA,NA,NA,NA,7.09906777775652,NA,NA,NA,3,NA,1.0385799407959,NA,NA,NA,NA,NA,NA,NA,NA,NA,NA,-5.94422130242346,NA,158.553660653375,NA,NA,NA,50.1436945440547,8094602,3.51527957069044,31.644,945906,NA,NA,60,30.3,7173379137.26091,NA,NA,NA,NA,101.000932732907,68.042839050293
"598","SLE",2022,NA,95.743,NA,NA,NA,NA,NA,NA,NA,NA,3.5,NA,NA,NA,NA,NA,NA,NA,NA,NA,NA,NA,NA,NA,NA,159.557059272568,NA,NA,NA,50.1367979221939,8276807,2.99519003006155,31.071,NA,NA,NA,58,29.8,7124465159.65304,NA,NA,NA,NA,106.229919827595,NA
"599","SMR",2018,NA,1.088,NA,NA,NA,NA,3.87704641449169,NA,NA,NA,NA,NA,1.05350005626678,0.985759973526001,0.901120007038116,0.767264125463379,NA,NA,NA,NA,NA,NA,NA,NA,NA,4937.93601655536,NA,NA,NA,51.4813634915578,34522,-0.555259040981838,6.8,1653,44.46461,55.53539,1.7,0.8,1655353653.05934,NA,4.03135498320269,NA,116,96.7741935483871,95.1807228915663
"600","SMR",2019,NA,1.12,NA,NA,NA,NA,3.67179262962944,NA,NA,NA,NA,NA,1.07912003993988,1.00522005558014,0.935500025749207,0.802293744902441,NA,NA,NA,NA,NA,NA,NA,NA,NA,5025.00225978403,NA,NA,NA,51.4543775610319,34663,1.6505086881123,6.7,1674,NA,NA,1.6,0.7,1616232125.12587,NA,5.11627906976744,NA,NA,95.3608247422681,96.1240310077519
"601","SMR",2020,NA,1.151,NA,NA,NA,NA,3.77211368896831,NA,NA,NA,NA,NA,0.975539982318878,0.971610009670258,0.956520020961761,0.826104915324246,NA,NA,NA,NA,NA,NA,NA,NA,NA,4917.49894708736,NA,NA,NA,51.4423768299347,34770,-6.93518932061001,6.4,1729,NA,NA,1.5,0.7,1544714493.24409,NA,5.19159456118665,NA,NA,96.2732919254658,98.6394557823129
"602","SMR",2021,NA,1.177,60.02,55.42,76.82,77.73,3.77211368896831,72.96,74.05,NA,NA,NA,0.991320013999939,0.97299998998642,0.942740023136139,0.866374830724656,NA,NA,NA,NA,NA,NA,NA,NA,NA,5231.74609401804,NA,NA,NA,51.2871688071272,34252,15.6202890686694,6.2,1696,NA,NA,1.5,0.7,1855395999.76534,NA,5.69306930693069,NA,NA,93.0635838150289,94.7089947089947
"603","SMR",2022,NA,1.158,57.38,52.9,77.52,76.96,NA,70.99,70.78,NA,NA,1,NA,NA,NA,0.836018031555222,NA,NA,NA,NA,NA,NA,NA,NA,NA,5879.61941504245,NA,NA,NA,50.9856262833675,33755,9.48711055571971,6.1,1735,NA,NA,1.4,0.6,1831700577.08904,NA,5.35031847133758,NA,NA,94.475138121547,92.7835051546392
"604","SRB",2018,NA,14.099,44.22,24.682,72.104,72.818,3.65429643412534,68.529,61.207,NA,NA,NA,1.0003000497818,1.00655996799469,1.00980997085571,1.27547001838684,NA,17,1.9,5.9,NA,8.97,0.83,6.02615395031178,NA,1507.56954649368,NA,NA,0.774211764335632,52.3691602544096,6982604,5.22266888313776,9.2,534106,48.84442,51.15558,5,3.6,52787520248.9242,NA,1.26143002510071,NA,99.67687,98.858528137207,98.0508422851562
"605","SRB",2019,NA,13.755,44.976,25.904,71.043,72.326,3.69962505977639,68.023,60.718,NA,NA,1,0.999010026454926,1.00671994686127,1.01077997684479,1.28150999546051,2.70973223805172,15.2,2.1,6.4,NA,8.53,0.58,4.08019016284986,99.4,1701.61011299017,NA,96.2,NA,52.3595304323635,6945235,5.31381889246718,9.3,528758,NA,NA,4.8,3.5,53864693664.5568,NA,1.93424999713898,NA,NA,98.4272537231445,96.9107971191406
"606","SRB",2020,NA,13.468,43.374,24.498,69.89,70.74,3.69962505977639,67.378,60.143,NA,NA,NA,0.998870015144348,1.00941002368927,1.01481997966766,1.28709995746613,NA,14.7,2.3,6.6,NA,NA,NA,3.54650015104012,NA,1738.90864817071,NA,NA,0.695207178592682,52.3580838621549,6899126,-0.288042264925664,8.9,515178,NA,NA,4.7,3.4,55874017668.998,NA,2.91400003433227,NA,NA,97.7832717895508,94.7550277709961
"607","SRB",2021,NA,13.739,45.86,26.416,72.553,73.425,3.69962505977639,69.823,62.437,NA,NA,NA,1.00295996665955,1.01266002655029,1.01750004291534,1.29993999004364,NA,12.4,2.5,7.1,NA,NA,NA,6.69375690448824,NA,2247.4482016116,NA,NA,NA,52.3624848765915,6834326,8.97258082321535,9.1,510951,NA,NA,4.6,3.3,66159884072.5308,1.57891845703125,3.55644989013672,6.13611936569213,NA,98.1477508544922,95.9084167480469
"608","SRB",2022,NA,13.833,45.242,26.98,74.531,74.1,NA,70.059,62.926,NA,NA,1,NA,NA,NA,1.31323003768921,NA,14,2.4,6.9,10.78,NA,NA,NA,NA,2373.09347513291,NA,NA,NA,52.4238817978641,6664449,5.24705329134949,9.3,503164,NA,NA,4.5,3.3,66797564758.339,NA,3.82171010971069,NA,NA,96.3893585205078,95.8594665527344
"609","SSA",2018,NA,104.018935668517,NA,NA,NA,NA,3.37563823314487,NA,NA,NA,3.17567567567568,0.925300002098083,0.957340002059937,0.93885999917984,0.892790019512177,0.767019987106323,NA,NA,NA,NA,NA,NA,NA,NA,NA,187.737012125464,NA,NA,NA,50.2315028507444,997236086,-0.0962350373486061,35.3827821342709,65141452,46.51831,53.48169,51.5133747061561,28.5308272213253,1704078107124.46,NA,NA,NA,108.0303,66.3530731201172,40.9220314025879
"610","SSA",2019,NA,101.834155680604,NA,NA,NA,NA,3.35593877124381,NA,NA,NA,3.15789473684211,0.929040014743805,0.957449972629547,0.939170002937317,0.893980026245117,0.778760015964508,54.3667850897266,NA,NA,NA,NA,NA,NA,NA,83.1178707108937,193.188467408337,NA,NA,NA,50.2204756525467,1023480610,-0.207671749733393,34.8071915155471,68334808,NA,NA,50.2721929589089,28.0766696549558,1745254110180.65,26.6008358,NA,79.65591431,NA,66.8259201049805,41.5202903747559
"611","SSA",2020,NA,99.6532798329244,NA,NA,NA,NA,3.3882808574019,NA,NA,NA,3.18421052631579,0.930890023708344,0.957690000534058,0.940919995307922,0.900269985198975,0.787249982357025,NA,NA,NA,NA,NA,NA,NA,NA,NA,201.490733048611,NA,NA,NA,50.2116516691879,1049999318,-4.86239383949771,34.2755546857393,71891832,NA,NA,48.7492824815544,27.619894949739,1621662123503.33,NA,NA,NA,NA,67.5699996948242,42.4083595275879
"612","SSA",2021,NA,98.4844208416868,NA,NA,NA,NA,3.6254507685922,NA,NA,NA,3.19736842105263,0.934379994869232,NA,NA,NA,0.794049978256226,NA,NA,NA,NA,NA,NA,NA,NA,NA,217.458505301531,NA,NA,NA,50.2033591980478,1076774079,1.65237054084702,33.9638714311584,75028272,NA,NA,47.709939341088,27.1722409776301,1830970332357.42,NA,NA,NA,NA,68.6412124633789,42.9346199035645
"613","SSA",2022,NA,97.1896628971597,NA,NA,NA,NA,NA,NA,NA,NA,3.23684210526316,0.937340021133423,NA,NA,NA,NA,NA,NA,NA,NA,NA,NA,NA,NA,NA,232.625112719439,NA,NA,NA,50.1952248181848,1103704408,1.1241418341552,33.6199414402275,77320872,NA,NA,47.5482911880344,26.750099334319,1956487528375.04,NA,NA,NA,NA,67.8217468261719,42.7895088195801
"614","SSF",2018,NA,100.814416826555,NA,NA,NA,NA,3.36225962250428,NA,NA,NA,3.18421052631579,0.925300002098083,0.957350015640259,0.938870012760162,0.892809987068176,0.767130017280579,NA,NA,NA,NA,NA,NA,NA,NA,NA,175.776364905462,NA,NA,NA,50.1917082317459,1109997000,0.0845981671924108,35.1793279526512,65148912,46.5188,53.4812,50.6,28.8,1790131601908.14,NA,NA,NA,108.0301,66.3550033569336,40.9255409240723
"615","SSF",2019,NA,98.860982770669,NA,NA,NA,NA,3.34217444302248,NA,NA,NA,3.16666666666667,0.929040014743805,0.957449972629547,0.939180016517639,0.893989980220795,0.778869986534119,53.6009012701096,NA,NA,NA,NA,8.8,2.57,NA,82.0989822914736,181.04107232707,NA,NA,NA,50.1824318178936,1139315618,0.0539480052962347,34.6778008593805,68342136,NA,NA,49.4,28.3,1843035420525.45,26.6008358,NA,79.65591431,NA,66.8276596069336,41.5236892700195
"616","SSF",2020,NA,96.8413628985919,NA,NA,NA,NA,3.36938980544984,NA,NA,NA,3.19230769230769,0.930899977684021,0.957690000534058,0.940919995307922,0.900279998779297,0.787349998950958,NA,NA,NA,NA,NA,NA,NA,NA,NA,189.416465031076,NA,NA,NA,50.1753529922605,1169015451,-4.48421200709723,34.1757778569413,71899304,NA,NA,47.8,27.8,1730702407679.05,NA,NA,NA,NA,67.5719299316406,42.4112091064453
"617","SSF",2021,NA,95.681228476507,NA,NA,NA,NA,3.59387482003268,NA,NA,NA,3.19230769230769,0.934379994869232,NA,NA,NA,0.794170022010803,NA,NA,NA,NA,NA,NA,NA,NA,NA,203.647913045961,NA,NA,NA,50.1689990322461,1199011925,1.70511279034909,33.8516334047703,75035912,NA,NA,46.8,27.3,1943719394821.09,NA,NA,NA,NA,68.6425094604492,42.937801361084
"618","SSF",2022,NA,94.4197483140324,NA,NA,NA,NA,NA,NA,NA,NA,3.23076923076923,0.937340021133423,NA,NA,NA,NA,NA,NA,NA,NA,NA,NA,NA,NA,NA,217.079304278953,NA,NA,NA,50.1626672619458,1229208573,1.20192722562284,33.4948272937338,77328904,NA,NA,46.5,26.9,2085278582815.11,NA,NA,NA,NA,67.8231964111328,42.7926216125488
"619","SST",2018,NA,38.1774859684534,NA,NA,NA,NA,4.94278445395328,NA,NA,NA,3.275,1.00196003913879,0.983049988746643,1.00849997997284,1.04917001724243,1.35878002643585,NA,NA,NA,NA,NA,NA,NA,NA,NA,1201.44760442389,NA,NA,NA,49.7767307868579,19084934,2.20792806173411,17.660392861301,3107459.75,49.91619,50.08381,24.5769721875905,15.0497728091893,229205977078.088,NA,NA,NA,102.2879,86.2899475097656,70.6872024536133
"620","SST",2019,NA,37.1876585293094,NA,NA,NA,NA,4.86680733380173,NA,NA,NA,3.325,1.002769947052,0.98769998550415,1.00981998443604,1.04546999931335,1.35904002189636,16.6942300146243,NA,NA,NA,NA,NA,NA,NA,NA,1322.21478839208,NA,NA,NA,49.7337720035181,19293697,2.07864836265964,17.3627809553555,3177114.25,NA,NA,24.2966545368129,14.8951829132443,230723882097.479,NA,NA,NA,NA,86.2555999755859,70.7707901000977
"621","SST",2020,NA,36.210386774199,NA,NA,NA,NA,4.89641662803277,NA,NA,NA,3.4047619047619,1.00538003444672,0.989579975605011,1.01010000705719,1.0436999797821,1.3589700460434,NA,NA,NA,NA,NA,NA,NA,NA,NA,1420.60587735402,NA,NA,NA,49.7298100626874,19472157,-7.79394648264096,17.0788932641104,3213865.75,NA,NA,23.783960174342,14.6789873554135,208338277477.527,NA,NA,NA,NA,85.7139663696289,70.9755096435547
"622","SST",2021,NA,35.2812948290309,NA,NA,NA,NA,4.96056990752837,NA,NA,NA,3.38095238095238,1.00894999504089,NA,NA,NA,1.34853994846344,NA,NA,NA,NA,NA,NA,NA,NA,NA,1572.59921942979,NA,NA,NA,49.7255180018224,19646549,5.96718858721319,16.8572680612763,3286093.25,NA,NA,23.263921314831,14.4213446314078,243009421520.273,NA,NA,NA,NA,85.6985931396484,71.7259521484375
"623","SST",2022,NA,34.7739335807628,NA,NA,NA,NA,NA,NA,NA,NA,3.4047619047619,1.01184999942779,NA,NA,NA,1.34739005565643,NA,NA,NA,NA,NA,NA,NA,NA,NA,1667.85713228214,NA,NA,NA,49.7266161730825,19852364,6.56285775239893,16.4852893809019,3339814.25,NA,NA,22.8784198884606,14.2246080450782,269954645297.005,NA,NA,NA,NA,85.7940292358398,70.9410705566406
"624","SVK",2018,NA,27.014,30.127,15.517,77.899,70.411,3.79478386044334,72.548,65.303,NA,NA,NA,0.996760010719299,1.00672996044159,1.0118499994278,1.33836996555328,NA,9.3,3.2,8.8,17.02,NA,NA,3.87983450075018,NA,2092.63844486791,NA,NA,0.703628182411194,51.1784910141622,5446771,3.91808506492153,10.6,441952,NA,NA,5,3,106611673364.837,NA,6.86746978759766,NA,NA,92.8151473999023,80.9870910644531
"625","SVK",2019,NA,26.699,30.52,15.376,79.154,71.329,4.12542096576481,71.766,64.628,NA,NA,NA,0.99533998966217,1.00722002983093,1.01339995861053,1.33685994148254,5.10477524844871,8.8,3.6,9.5,NA,NA,NA,1.24517177818124,NA,2350.36598550736,NA,NA,NA,51.1630774153281,5454147,2.13758470717096,10.5,440701,NA,NA,4.9,3,105843498304.094,NA,5.89092016220093,NA,NA,91.3837127685547,80.7211532592773
"626","SVK",2020,NA,25.975,25.414,13.598,78.776,71.465,4.12542096576481,70.977,63.653,NA,NA,NA,0.996540009975433,1.00653994083405,1.01170003414154,1.32714998722076,NA,10.2,3.5,9.1,NA,NA,NA,-3.22118990882836,NA,2494.68704539571,NA,NA,0.691269516944885,51.1568512176759,5458827,-2.66902849173539,10.4,442538,NA,NA,4.9,3,107732602896.441,NA,4.89904022216797,NA,NA,96.5482406616211,74.6731796264648
"627","SVK",2021,NA,25.872,20.988,13.159,77.907,78.932,4.12542096576481,71.458,64.65,NA,NA,NA,NA,NA,NA,1.32247996330261,NA,9.9,3.4,9.1,NA,NA,NA,2.63150392323794,NA,2924.74365874287,NA,NA,NA,51.1601377169189,5447247,5.92429352911894,10.4,449955,NA,NA,5,3,120560912620.599,15.8303298950195,4.30499982833862,5.6923508644104,NA,92.6529693603516,82.5374374389648
"628","SVK",2022,NA,24.543,24.282,14.69,79.832,79.266,NA,71.057,64.756,NA,NA,NA,NA,NA,NA,1.33210003376007,NA,10.8,2.8,8.4,NA,NA,NA,NA,NA,3168.87107684495,NA,NA,NA,51.1680561046964,5431752,0.723874225291368,9.7,457326,NA,NA,5,3,115884262197.697,NA,2.78123998641968,NA,NA,96.6477279663086,81.2157211303711
"629","SVN",2018,NA,4.039,37.941,20.021,79.476,80.512,4.59316722470833,66.137,61.288,NA,NA,NA,1.00137996673584,1.01336002349854,1.02427005767822,1.31119000911713,NA,5.3,4.2,10.1,29.46,3.69,0.31,5.12373684477832,NA,3236.61402075633,NA,NA,0.813600242137909,50.1802868353403,2073894,4.00130649890984,9.4,147003,NA,NA,2,1.4,53689067639.9176,NA,1.45631003379822,NA,NA,98.6363220214844,97.1084899902344
"630","SVN",2019,NA,4.318,33.991,18.658,79.56,81.158,4.63509904774228,65.387,60.076,NA,NA,NA,0.99838000535965,1.00929999351501,1.01936995983124,1.33654999732971,2.65495639467145,5.6,4.2,10.1,NA,NA,NA,3.42940931910726,NA,3642.58734890772,NA,NA,NA,49.9509704867769,2088385,2.78704541391961,9.3,146647,NA,NA,2,1.4,53909922735.545,NA,1.25428998470306,NA,NA,97.2948913574219,95.4476089477539
"631","SVN",2020,NA,4.056,30.468,16.967,79.014,81.066,4.63509904774228,64.072,58.792,NA,NA,NA,0.998000025749207,1.00721001625061,1.01568996906281,1.34552001953125,NA,5.4,4.2,10.3,NA,NA,NA,-4.97771785893931,NA,3976.05047184126,NA,NA,0.802693843841553,49.8256295126568,2102419,-4.72524968037921,8.9,147825,NA,NA,1.9,1.4,53384760135.1581,NA,1.01414000988007,NA,NA,97.4262084960938,95.4989166259766
"632","SVN",2021,NA,3.83,30.56,16.454,78.573,79.888,4.63509904774228,63.693,57.848,NA,NA,NA,NA,NA,NA,1.35020005702972,NA,5.4,4.2,10.2,NA,NA,NA,6.84742247616568,NA,4406.78229977266,NA,NA,NA,49.815968336807,2108079,8.09863524522004,9,150294,NA,NA,1.9,1.3,61529280461.092,NA,1.45297002792358,NA,NA,97.7730712890625,97.0491104125977
"633","SVN",2022,NA,3.525,32.044,16.877,78.911,79.619,NA,64.711,58.651,NA,NA,NA,NA,NA,NA,1.34018003940582,NA,5.3,4.2,10.2,NA,NA,NA,NA,NA,4901.53790418515,NA,NA,NA,49.8021962644216,2112076,2.50488548462423,8.3,154590,NA,NA,1.9,1.3,59927702746.2843,NA,1.18823003768921,NA,NA,97.7381973266602,95.236701965332
"634","SWE",2018,NA,3.993,54.329,43.626,85.286,82.284,7.10473688546251,79.12,76.539,NA,NA,NA,1.01763999462128,1.04197001457214,1.06579005718231,1.38887000083923,NA,10.8,2.7,7.8,33.34,NA,NA,0.0331720728232057,NA,5887.64356222175,NA,NA,0.815964818000793,49.7546584140877,10175214,0.726062663192167,11.4,934541,NA,NA,2.2,1.5,551312498430.164,NA,NA,NA,NA,99.533447265625,100.451858520508
"635","SWE",2019,NA,3.291,55.541,43.397,85.368,82.882,7.07961708394365,79.169,76.66,NA,NA,NA,1.03957998752594,1.05411005020142,1.06784999370575,1.40279996395111,5.91546177237149,10.2,2.9,8.1,NA,NA,NA,2.45452408787034,NA,6228.78090535154,NA,NA,NA,49.7112156919971,10278887,1.51533066980507,11.1,927687.1875,NA,NA,2.2,1.5,532169294165.94,NA,0.815850019454956,NA,NA,98.746940612793,100.05770111084
"636","SWE",2020,NA,2.75,55.275,41.519,85.599,81.995,7.07961708394365,79.851,76.968,NA,NA,NA,1.0529899597168,1.06958997249603,1.08490002155304,1.41598999500275,NA,10.1,3,8.2,NA,NA,NA,-2.68902806842374,NA,6554.39413098044,NA,NA,0.81018739938736,49.684880371601,10353442,-2.71099580072043,10.9,947583.1875,NA,NA,2.1,1.4,545147614972.141,NA,0.712109982967377,NA,NA,99.5892105102539,99.8744735717773
"637","SWE",2021,NA,2.38,49.235,36.753,80.251,76.032,7.07961708394365,73.191,69.064,NA,NA,NA,NA,NA,NA,1.42637002468109,NA,11.1,2.8,7.8,NA,NA,NA,3.90207252496459,NA,7060.52715756443,NA,NA,NA,49.6741448432244,10415811,5.30316369991182,11,984392.0625,NA,NA,2.1,1.4,637186904843.636,0.575820922851562,0.520850002765656,3.62237095832824,NA,99.7140808105469,100.20662689209
"638","SWE",2022,NA,2.016,50.517,38.339,80.693,76.79,NA,72.476,67.792,NA,NA,NA,NA,NA,NA,1.42479002475739,NA,11.4,2.5,7.4,NA,NA,NA,NA,NA,7187.85593114409,NA,NA,NA,49.6556895563011,10486941,0.771118404155686,10,1009135.9375,NA,NA,2,1.4,579895717343.956,NA,0.574090003967285,NA,NA,99.9050598144531,99.8223266601562
"639","SYC",2018,NA,59.267,29.474,20.062,88.635,84.725,4.60310184137083,69.763,68.354,NA,NA,NA,1.05868005752563,1.06237995624542,1.06833004951477,1.66453613525199,NA,14.3,2.6,7.1,11.79,NA,NA,3.402813481846,NA,1241.9145699327,NA,NA,NA,45.586752433936,96762,3.94280692985572,17.1,7459,50.63681,49.36319,13.5,8.9,1784313926.76807,NA,NA,NA,104.63918,128.473413379074,125.476603119584
"640","SYC",2019,NA,58.615,34.555,14.152,87.726,82.192,4.60310184137083,65.958,64.364,NA,NA,NA,1.04867005348206,1.05493998527527,1.06480002403259,1.60850222441918,13.4850864126618,NA,NA,NA,NA,NA,NA,4.61339175564355,NA,1249.69776031242,NA,NA,NA,45.3952792581449,97625,4.58155113586345,16.4,7325,NA,NA,13.6,8.9,1868690096.73454,NA,1.43036997318268,NA,NA,140.858208955224,139.885496183206
"641","SYC",2020,NA,57.331,29.641,19.207,84.923,83.613,4.60310184137083,64.315,63.249,NA,NA,NA,1.04321002960205,1.06061995029449,1.08508002758026,1.6019861291691,NA,NA,NA,NA,NA,NA,NA,-10.7412844405871,NA,1626.34792454674,NA,NA,NA,45.2220033086432,98462,-12.4901374474458,15.8,7472,NA,NA,13.6,8.9,1382551751.56908,NA,3.36915993690491,NA,NA,133.499170812604,154.072398190045
"642","SYC",2021,NA,56.384,NA,NA,NA,NA,4.60310184137083,NA,NA,NA,NA,NA,1.03125,1.05606997013092,1.08906996250153,1.70806925139144,NA,NA,NA,NA,NA,NA,NA,6.60801707421075,NA,1495.63144557198,NA,NA,NA,45.0572413568803,99258,-0.254097866449726,16.8,7637,NA,NA,13.5,8.8,1487173794.80528,NA,4.73275995254517,NA,NA,167.040358744395,129.381443298969
"643","SYC",2022,NA,55.385,NA,NA,NA,NA,NA,NA,NA,NA,NA,NA,NA,NA,NA,1.52188295855272,NA,NA,NA,NA,NA,NA,NA,NA,NA,1561.02999545826,NA,NA,NA,44.9148356463409,119878,-6.67665692527599,13.1,8038,NA,NA,13.3,8.7,2018346588.73752,NA,1.72808661253383,NA,NA,100.905562742561,99.8702983138781
"644","TEA",2018,NA,19.8519076156523,NA,NA,NA,NA,2.05432580659514,NA,NA,NA,3.25,1.0010199546814,0.997889995574951,1.00857996940613,1.02274000644684,1.18270003795624,NA,NA,NA,NA,NA,NA,NA,3.54919581429571,NA,667.128069086676,NA,NA,NA,49.2569527040958,2074796982,5.85169029545037,12.7971568955179,141056800,47.85229,52.14771,12.6527818290033,7.95497905173353,16881313468532,NA,NA,NA,103.6033,98.3831481933594,89.6098480224609
"645","TEA",2019,NA,18.7982239441505,NA,NA,NA,NA,2.05321335268167,NA,NA,NA,3.32142857142857,1.0011899471283,0.998019993305206,1.00867998600006,1.0223400592804,1.18385004997253,8.11781997321992,NA,NA,NA,NA,NA,NA,4.0072674869005,97.4412256760604,739.732393648655,NA,NA,NA,49.2735457768742,2086281644,5.30282855795426,12.371239905824,143757888,NA,NA,12.3564694277262,7.73864486621103,17481802738366.4,1.919853449,NA,56.95116043,NA,97.450813293457,92.5917587280273
"646","TEA",2020,NA,17.2589164698469,NA,NA,NA,NA,2.03875224598561,NA,NA,NA,3.35714285714286,1.00083994865418,0.996930003166199,1.00708997249603,1.01958000659943,1.16732001304627,NA,NA,NA,NA,NA,NA,NA,-0.698560615740917,NA,802.587209744188,NA,NA,NA,49.2949521306791,2095759417,0.886859027093962,10.9671214462471,146697136,NA,NA,12.5638036399223,7.90199687813184,17783399412496.6,NA,NA,NA,NA,95.0877990722656,94.8505783081055
"647","TEA",2021,NA,16.5000748347914,NA,NA,NA,NA,2.01343176119066,NA,NA,NA,3.28571428571429,1.00100994110107,NA,NA,NA,1.15549004077911,NA,NA,NA,NA,NA,NA,NA,5.88552995296693,NA,878.132268149748,NA,NA,NA,49.3200728290608,2102350702,7.38176419277168,10.1599252338034,150046816,NA,NA,12.5217289355661,7.86266203637525,21205315189717.1,NA,NA,NA,NA,96.0197296142578,96.6534271240234
"648","TEA",2022,NA,16.0492247593477,NA,NA,NA,NA,NA,NA,NA,NA,3.28571428571429,1.00126004219055,NA,NA,NA,1.14446997642517,NA,NA,NA,NA,NA,NA,NA,NA,NA,941.907014977106,NA,NA,NA,49.3464949281311,2107261123,3.30403060334272,9.59471687740523,153578208,NA,NA,12.4761247532852,7.85154272852618,21536968352300,NA,NA,NA,NA,95.4100723266602,97.1366119384766
"649","TEC",2018,NA,20.9952886481618,45.8761007384507,22.4625498665018,79.5616739327634,67.8208080085725,4.10093112430537,76.001860633122,65.7121440008064,NA,4.1,0.999700009822845,0.993369996547699,0.986389994621277,0.981989979743958,1.07205998897552,NA,NA,NA,NA,NA,NA,NA,4.5612980796616,NA,1234.98579649758,NA,NA,NA,52.0067518257097,460205526,3.28800008962855,13.5461425747613,40415760,48.10727,51.89273,9.9385404650361,6.28997578574538,4091510597189.56,NA,NA,NA,95.37688,94.9008026123047,93.8542633056641
"650","TEC",2019,NA,19.6803829616855,45.4203017739755,21.5224645833547,78.8551350190624,67.408345990993,4.22393355506338,74.8588575644854,64.381841108785,NA,4.1,0.999960005283356,0.993640005588531,0.985029995441437,0.979560017585754,1.0877799987793,4.59492249078317,NA,NA,NA,NA,NA,NA,2.21881684661219,NA,1345.76430297001,NA,NA,NA,51.9851497276932,462219596,2.25054163175599,13.0971875019206,40975524,NA,NA,9.72256083968197,6.15744180569692,4175891551192.92,3.405465603,NA,5.014288425,NA,96.6681671142578,94.692756652832
"651","TEC",2020,NA,18.3527418071384,41.6914029695564,19.979608613093,77.9266491052689,66.1557586697524,4.22690961117965,73.6918645096397,62.5936055065297,NA,4.125,1.00003004074097,0.991580009460449,0.986630022525787,0.983640015125275,1.09105002880096,NA,NA,NA,NA,NA,NA,NA,-2.26162258912474,NA,1634.53732303363,NA,NA,NA,51.971538193537,463151657,-1.65991260775733,12.7919896947146,41672484,NA,NA,9.46628151990603,5.97360464645948,3916679848494.7,NA,NA,NA,NA,97.6108169555664,103.009216308594
"652","TEC",2021,NA,18.2816804654822,44.2720532667982,20.9480586579108,78.4132356171345,66.6804425563217,4.23237350353668,74.2227125852908,63.4763822487551,NA,4.125,1.00009000301361,NA,NA,NA,1.09894001483917,NA,NA,NA,NA,NA,NA,NA,0.611287707893766,NA,1725.65642283359,NA,NA,NA,51.9599678067292,463426293,7.41688193346344,12.5996879530765,42284284,NA,NA,9.27095003536383,5.80793471887857,4628696552014.54,NA,NA,NA,NA,97.8173065185547,94.0117034912109
"653","TEC",2022,NA,17.5634584301864,44.6335797257122,20.6751165127324,84.1723809003147,75.1514757054445,NA,72.6274015623072,61.3624863304099,NA,4.125,1.00015997886658,NA,NA,NA,1.10254001617432,NA,NA,NA,NA,NA,NA,NA,NA,NA,1864.76581798385,NA,NA,NA,51.946371406525,461268322,2.42441909381486,11.9834933678862,43495128,NA,NA,9.12374934703656,5.68706317852862,5263275218883.39,NA,NA,NA,NA,97.5638809204102,95.0569076538086
"654","TGO",2018,NA,82.42,NA,NA,NA,NA,3.57141272875945,NA,NA,NA,3,NA,0.964450001716614,NA,NA,0.50180324330672,NA,15.8,2.3,5.8,2.14,13.68,2.99,6.52273569088749,NA,123.856805838146,NA,NA,0.422161847352982,49.7632155463212,8258778,2.23648969695466,33.413,NA,NA,NA,41.4,25.4,7029300383.08031,NA,11.478843608242,NA,139.77626,85.7050661503711,40.7925808744297
"655","TGO",2019,NA,81.607,74.089,68.716,87.82,77.989,3.57141272875945,78.208,70.827,NA,3.5,0.910000026226044,0.966359972953796,NA,NA,0.531212218518045,48.5624412207673,NA,NA,NA,NA,NA,NA,5.04971849540397,NA,123.892557263003,NA,NA,NA,49.7445370874959,8463068,2.39019138896094,32.925,NA,NA,NA,40.2,24.9,6992700101.37188,7.8095474243164,8.31675503425182,79.7857208251953,NA,82.7554152585865,44.5010639489305
"656","TGO",2020,NA,80.816,NA,NA,NA,NA,3.57141272875945,NA,NA,NA,3.5,NA,0.971189975738525,NA,NA,0.569815150227066,NA,NA,NA,NA,NA,NA,NA,-3.02421473598105,NA,129.329529926797,NA,NA,0.429673373699188,49.7284053316133,8669720,-0.438936506619754,32.454,NA,NA,NA,39.1,24.5,7400284167.78479,NA,4.90841022905914,NA,NA,83.2259942168313,46.9469546407827
"657","TGO",2021,NA,79.696,NA,NA,NA,NA,3.57141272875945,NA,NA,NA,3.5,NA,0.964990019798279,0.910440027713776,0.81344997882843,NA,NA,13.2,2.8,6.8,2.25,NA,NA,0.118472426342734,NA,126.928555510296,NA,NA,NA,49.7141426379748,8878379,3.49988645176158,32.015,852361,NA,NA,38,24,8342243645.94438,NA,4.49714351999536,NA,NA,83.5053792727768,51.1892931898429
"658","TGO",2022,NA,78.269,68.483,65.107,85.783,79.436,NA,75.461,71.392,NA,3.5,0.939999997615814,NA,NA,NA,NA,NA,NA,NA,NA,NA,NA,NA,NA,NA,149.072409988573,NA,NA,NA,49.6987261899078,9089738,3.30037029854027,31.535,NA,NA,NA,36.9,23.5,8169476148.95692,NA,NA,NA,NA,84.1535267876861,58.3731570920183
"659","THA",2018,NA,34.703,78.33,60.396,85.392,82.712,3.89731150987899,80.083,72.289,NA,NA,1.00999999046326,0.992969632148743,1.02044188976288,1.04296064376831,1.28661922122191,NA,11.3,3,7.2,8.5,2.04,0.34,NA,NA,697.670340924418,NA,NA,0.636277079582214,50.9762388457376,71376079,3.90762624173355,9.4,4186904,48.19721,51.80279,9.4,6,506754208404.485,NA,NA,NA,96.75865,97.4465179443359,85.8219223022461
"660","THA",2019,NA,31.21,77.515,60.044,83.752,82.143,3.89731150987899,79.739,72.077,NA,NA,1,0.993632555007935,0.995571434497833,0.997057020664215,1.270387922051,13.9039699177043,9.6,3.3,7.7,NA,1.87,0.27,NA,98.6,709.022604711423,NA,NA,NA,51.0312906591011,71522271,1.90583495758329,9.056,4172741,NA,NA,9.1,5.8,543976691793.886,NA,NA,NA,NA,98.5505040995974,88.5774113463117
"661","THA",2020,NA,29.613,77.379,60.103,83.04,80.574,3.89731150987899,79.502,72.129,NA,NA,NA,0.994507431983948,0.995733320713043,0.996718049049377,1.26717991175068,NA,10.6,3.2,7.5,NA,1.9,0.31,NA,NA,774.247582622958,NA,NA,0.632246077060699,51.0892383397479,71641484,-6.20637326420599,8.792,4132033,NA,NA,8.8,5.7,500461898480.246,NA,NA,NA,NA,100.408839139042,92.0717144292619
"662","THA",2021,NA,27.475,77.314,60.599,82.4,80.272,3.89731150987899,79.439,71.967,NA,NA,NA,0.993143498897552,1.01338183879852,1.03215849399567,1.25546733838292,NA,10,3.2,7.6,NA,2.05,0.33,NA,NA,971.279962371267,NA,NA,NA,51.1467483552853,71727332,1.43062175645008,8.544,4170797,NA,NA,8.5,5.5,506194668789.937,NA,NA,NA,NA,100.483026824663,92.0628353611621
"663","THA",2022,NA,26.254,77.532,60.501,82.583,80.228,NA,80.081,72.504,NA,NA,1,0.992965281009674,1.02751123905182,1.05888855457306,1.25390551044062,NA,10.3,3.3,7.7,NA,NA,NA,NA,NA,1107.21050967874,NA,NA,NA,51.2021545199855,71735329,2.56894316437668,8.38,4257765,NA,NA,8.3,5.4,495644697587.661,NA,NA,NA,NA,104.691976288069,99.529943886569
"664","TLA",2018,NA,60.4088541430373,70.2203752760217,40.8358068209983,86.747768549741,76.0981221375921,4.95233449944399,82.3052764981855,70.4914665013982,NA,3.375,1.00355005264282,0.985430002212524,1.01470994949341,1.04487001895905,1.23365998268127,NA,NA,NA,NA,NA,NA,NA,-0.57555439077116,NA,1277.1689351026,NA,NA,NA,50.6563666177571,620274430,0.775304938722172,16.1353180843437,63102636,50.15311,49.84689,14.9730038361273,9.85806111229109,5505396811018.94,NA,NA,NA,100.0181,96.0461807250977,83.7410202026367
"665","TLA",2019,NA,57.934252696683,69.7257141714281,40.839512618703,86.4722623221142,76.2944206280595,4.91145831219988,82.5632723989352,70.8697046794431,NA,3.375,1.00347995758057,0.985580027103424,1.01691997051239,1.04920995235443,1.23941004276276,13.3863824768123,NA,NA,NA,NA,NA,NA,0.288905015935498,NA,1258.09955750523,NA,NA,NA,50.670737214173,625467307,-0.157612437390966,15.6680245163605,62584704,NA,NA,14.6886102237351,9.77902161422552,5413386525184.87,3.339850664,NA,22.16720963,NA,95.9223480224609,83.8893280029297
"666","TLA",2020,NA,55.0198513505673,62.881942293682,35.1232714256518,83.9772749446784,72.5890389708927,4.93495184800822,77.8568688430105,65.5707765170353,NA,3.375,1.00352001190186,0.982330024242401,1.01687002182007,1.05212998390198,1.25721001625061,NA,NA,NA,NA,NA,NA,NA,-7.31868474888255,NA,1264.67790717044,NA,NA,NA,50.6926281761477,630051021,-7.2090387640566,15.092873512777,62098476,NA,NA,14.4187896982468,9.66896269898607,4561756343150.42,NA,NA,NA,NA,96.1459808349609,84.4280090332031
"667","TLA",2021,NA,53.4988051966088,67.6372931306845,38.4150609958664,85.4125500976869,74.275844355937,4.90043776624161,81.3355350249293,69.3604072930275,NA,3.375,1.00364995002747,NA,NA,NA,1.27745997905731,NA,NA,NA,NA,NA,NA,NA,3.32586574252778,NA,1405.83328695612,NA,NA,NA,50.7232955043804,633862610,6.63497374862305,14.8230781747136,61990096,NA,NA,14.1464722886566,9.44011678855419,5313306131137.49,NA,NA,NA,NA,96.7505722045898,85.8381729125977
"668","TLA",2022,NA,51.9044514597769,67.4144228699571,39.0401406213158,86.1769648438275,76.0506762867217,NA,81.9376688401397,70.0757639878576,NA,3.375,1.00369000434876,NA,NA,NA,1.28298997879028,NA,NA,NA,NA,NA,NA,NA,NA,NA,1493.71048523828,NA,NA,NA,50.747191069624,637837815,3.35208961999946,14.5725229152132,61702052,NA,NA,13.8758102791969,9.08855406646386,6048473378741.76,NA,NA,NA,NA,96.5373001098633,85.0774993896484
"669","TLS",2018,NA,31.719,NA,NA,NA,NA,3.18762089405893,NA,NA,NA,3.5,NA,0.964869976043701,1.01275599002838,1.07727742195129,NA,NA,NA,NA,NA,NA,NA,NA,-18.3760063797782,NA,198.112629326311,NA,NA,0.47151705622673,49.3531531969287,1275959,-1.90088894778658,24.481,155831,51.32771,48.67229,40.7,24.1,1555988614.43594,NA,3.62226087717571,NA,87.46336,103.568933765162,97.9471951455684
"670","TLS",2019,NA,30.482,NA,NA,NA,NA,3.18762089405893,NA,NA,NA,3.5,NA,0.978535830974579,1.0269250869751,1.08693611621857,NA,40.0552374196527,NA,NA,NA,NA,NA,NA,32.9354420678699,NA,192.144614187744,NA,NA,NA,49.4237650323419,1300945,21.0417576770136,23.855,161658,NA,NA,39.9,23.8,2032550389.41316,NA,3.37704229864233,NA,NA,106.255207331923,93.5790273556231
"671","TLS",2020,NA,29.407,NA,NA,NA,NA,3.18762089405893,NA,NA,NA,3.5,NA,0.981068789958954,1.03229761123657,1.09422159194946,NA,NA,NA,NA,NA,NA,NA,NA,-13.7152086706574,NA,365.693302433224,NA,NA,0.473410695791245,49.4972301278832,1326053,29.4633005981264,23.352,162113,NA,NA,38.9,23.4,2162619240.86927,NA,3.07451276695038,NA,NA,103.237363210005,92.2670690305545
"672","TLS",2021,NA,28.284,24.604,17.864,71.67,56.319,3.18762089405893,45.67,35.988,NA,3.5,NA,NA,NA,NA,NA,NA,NA,NA,NA,NA,NA,NA,-66.2693462487867,NA,267.834778765319,NA,NA,NA,49.5700813027399,1350139,3.43674675213099,22.73,NA,NA,NA,37.9,23,3624889673.07263,NA,NA,NA,NA,101.105634740908,NA
"673","TLS",2022,NA,27.87,44.68,33.356,56.05,34.518,NA,53.369,46.338,NA,3.5,0.970000028610229,NA,NA,NA,NA,NA,NA,NA,NA,NA,NA,NA,NA,NA,340.950974977557,NA,NA,NA,49.6012911753859,1369295,-21.653182615115,22.424,NA,NA,NA,36.9,22.6,3208593982.01071,NA,NA,NA,NA,98.0274268729312,NA
"674","TSA",2018,NA,24.0952933807404,74.0405865746767,16.9785244668552,80.9264290735264,32.9651701415006,2.87144405208154,60.5010391885578,41.5998050016857,NA,3.5,0.977829992771149,0.987129986286163,0.996649980545044,1.00426995754242,1.00387001037598,NA,NA,NA,NA,NA,NA,NA,4.94377164705269,NA,185.362821747197,NA,NA,NA,48.7091943563499,1589164714,5.27934085506818,18.1475574115529,153856576,47.60807,52.39193,30.3752175594854,22.1539394343178,3159841615195.07,NA,NA,NA,103.7881,98.2631301879883,88.4046020507812
"675","TSA",2019,NA,23.6388754172223,74.567180663213,20.0097062622688,81.871133554734,35.6242072461885,2.85167925296944,62.3621578370143,42.7944685839397,NA,3.6,0.973649978637695,0.991119980812073,1.00069999694824,1.00838994979858,1.03394997119904,23.8445704340893,NA,NA,NA,NA,NA,NA,2.69954099466374,84.1825123809623,200.057272085123,NA,NA,NA,48.7120095448918,1605412986,3.04100951053226,17.6684782271993,152900192,NA,NA,28.8626379125237,20.9137160008565,3318484576527.33,9.96950531,NA,54.38729858,NA,98.0618133544922,87.9779510498047
"676","TSA",2020,1.61305102320408,23.3138101764624,74.6267203230653,22.2378998884737,81.9469475690925,33.9482598112304,2.82890684639074,61.3864860004756,42.9310013069602,NA,3.5,0.977850019931793,0.99098002910614,0.992489993572235,0.992219984531403,1.04572999477386,NA,NA,NA,NA,NA,NA,NA,-6.60774678165545,NA,213.478845505602,NA,NA,NA,48.7170446222173,1621073417,-5.90537297999809,17.1258043209131,156382224,NA,NA,27.4829630315707,19.7948748919069,3172770463749.49,NA,NA,NA,NA,99.6266403198242,89.8812026977539
"677","TSA",2021,NA,22.8284841488847,75.8506476314719,23.1524572967403,83.5538465875409,34.1766142812842,2.84195122023418,63.3317854784498,44.1981569009335,73.6848414985825,3.5,0.981180012226105,NA,NA,NA,1.02781999111175,NA,NA,NA,NA,NA,NA,NA,8.90404017610376,NA,242.258210072347,NA,NA,NA,48.7272504158295,1634785356,8.33028192637491,16.8988487191844,160667792,NA,NA,26.2233648576991,18.7973436342114,3717045071833.11,NA,NA,NA,NA,100.29956817627,91.0523071289062
"678","TSA",2022,NA,22.4057962680861,76.0081004997561,28.2343075681763,84.98979256748,39.3027731116978,NA,66.2665068729222,47.4227838797975,NA,3.6,0.984799981117249,NA,NA,NA,0.99847000837326,NA,NA,NA,NA,NA,NA,NA,NA,NA,269.740413247219,NA,NA,NA,48.7408094723788,1648009565,6.24173655779443,16.7759229680836,161085120,NA,NA,25.1760759188118,17.901181371033,3930640282535.14,NA,NA,NA,NA,113.395050048828,91.4454116821289
"679","TSS",2018,NA,100.814416826555,NA,NA,NA,NA,3.36225962250428,NA,NA,NA,3.18421052631579,0.925300002098083,0.957350015640259,0.938870012760162,0.892809987068176,0.767130017280579,NA,NA,NA,NA,NA,NA,NA,NA,NA,175.776364905462,NA,NA,NA,50.1917082317459,1109997000,0.0845981671924108,35.1793279526512,65148912,46.5188,53.4812,50.6432085680392,28.7967189074168,1790131601908.14,NA,NA,NA,108.0301,66.3550033569336,40.9255409240723
"680","TSS",2019,NA,98.860982770669,NA,NA,NA,NA,3.34217444302248,NA,NA,NA,3.16666666666667,0.929040014743805,0.957449972629547,0.939180016517639,0.893989980220795,0.778869986534119,53.6009012701096,NA,NA,NA,NA,NA,NA,NA,82.0989822914735,181.04107232707,NA,NA,NA,50.1824318178936,1139315618,0.0539480052962347,34.6778008593805,68342136,NA,NA,49.3592659458161,28.3041313263988,1843035420525.45,26.60083771,NA,79.65591431,NA,66.8276596069336,41.5236892700195
"681","TSS",2020,NA,96.8413628985919,NA,NA,NA,NA,3.36938980544984,NA,NA,NA,3.19230769230769,0.930899977684021,0.957690000534058,0.940919995307922,0.900279998779297,0.787349998950958,NA,NA,NA,NA,NA,NA,NA,NA,NA,189.416465031076,NA,NA,NA,50.1753529922605,1169015451,-4.48421200709723,34.1757778569413,71899304,NA,NA,47.8405809228252,27.8253004075417,1730702407679.05,NA,NA,NA,NA,67.5719299316406,42.4112091064453
"682","TSS",2021,NA,95.681228476507,NA,NA,NA,NA,3.59387482003268,NA,NA,NA,3.19230769230769,0.934379994869232,NA,NA,NA,0.794170022010803,NA,NA,NA,NA,NA,NA,NA,NA,NA,203.647913045961,NA,NA,NA,50.1689990322461,1199011925,1.70511279034911,33.8516334047704,75035912,NA,NA,46.7775335569482,27.3423685538423,1943719394821.09,NA,NA,NA,NA,68.6425094604492,42.937801361084
"683","TSS",2022,NA,94.4197483140325,NA,NA,NA,NA,NA,NA,NA,NA,3.23076923076923,0.937340021133423,NA,NA,NA,NA,NA,NA,NA,NA,NA,NA,NA,NA,NA,217.079304278953,NA,NA,NA,50.1626672619458,1229208573,1.20192722562282,33.4948272937338,77328904,NA,NA,46.5056199745582,26.8825832855161,2085278582815.11,NA,NA,NA,NA,67.8231964111328,42.7926216125488
"684","TUR",2018,NA,19.835,70.159,29.398,86.083,71.616,3.74457277388191,76.674,60.336,NA,NA,0.987999975681305,0.988709986209869,0.979900002479553,0.975910007953644,0.910880029201508,NA,17.4,2.1,5.4,NA,4.3,0.7,NA,96.4,1124.65599319441,NA,NA,0.634325802326202,49.9235026245272,81407204,1.62817585290497,15.4,11279561,NA,NA,9.5,5.8,778972108040.602,NA,NA,NA,NA,91.2951965332031,95.4200897216797
"685","TUR",2019,NA,17.535,68.844,29.074,85.81,71.521,4.11688261049072,75.914,59.279,NA,NA,1,0.98786997795105,0.970019996166229,0.961769998073578,0.951300024986267,5.16531847193368,17.5,1.9,5.2,NA,4.22,0.67,NA,NA,1200.39248868231,NA,NA,NA,49.9440091330514,82579440,-0.612629741080809,14.4,11276669,NA,NA,9.1,5.6,761005915750.925,NA,NA,NA,NA,96.7656784057617,96.2338027954102
"686","TUR",2020,NA,15.334,64.143,25.003,83.282,65.564,4.11688261049072,72.003,55.013,NA,NA,NA,0.985870003700256,0.977119982242584,0.973070025444031,0.982479989528656,NA,17.3,2,5.3,NA,NA,NA,NA,NA,1282.36257299233,NA,NA,0.658373713493347,49.9739986525064,83384680,0.876219397794188,13.4,11332216,NA,NA,8.7,5.4,720338490327.248,NA,NA,NA,NA,100.687889099121,131.905776977539
"687","TUR",2021,NA,13.63,65.945,26.498,84.596,67.575,4.11688261049072,74.135,57.181,NA,NA,1,NA,NA,NA,1.01570999622345,NA,17.8,2,5.2,NA,NA,NA,NA,NA,1400.6185538006,NA,NA,NA,50.0101452072222,84147318,10.4294060712136,12.9,11531571,NA,NA,8.4,5.2,819865223976.115,5.47583770751953,NA,11.7918548583984,NA,103.484306335449,93.0456390380859
"688","TUR",2022,NA,12.203,66.359,27.972,85.127,68.818,NA,76.35,60.152,NA,NA,0.992438137531281,NA,NA,NA,1.03682005405426,NA,16.6,2.1,5.4,10.77,NA,NA,NA,NA,1386.52688740027,NA,NA,NA,50.0429159840986,84979913,4.49945877235265,12.2,11836666,NA,NA,8,5,907118434653.505,NA,NA,NA,NA,101.571060180664,92.3696899414062
"689","TUV",2018,NA,32.056,NA,NA,NA,NA,NA,NA,NA,NA,3,NA,0.922469973564148,1.01436996459961,1.13938999176025,NA,NA,NA,NA,NA,NA,NA,NA,NA,NA,810.19652830814,NA,NA,0.459190458059311,48.5908287601153,10751,2.5000826037985,24.927,1089,51.97429,48.02571,20.1,10.7,48015259.8751356,NA,NA,NA,82.8125,83.1683197021484,NA
"690","TUV",2019,NA,31.566,NA,NA,NA,NA,NA,NA,NA,NA,3,0.990000009536743,0.964720010757446,1.01756000518799,1.08516001701355,NA,NA,NA,NA,NA,NA,NA,NA,NA,NA,1151.01229479351,NA,NA,NA,48.7099518003969,10581,15.650825095542,24.867,1095,NA,NA,19.5,10.3,54123198.5662913,NA,8.9644513137558,NA,NA,92.9292929292929,89.8876404494382
"691","TUV",2020,NA,28.779,NA,NA,NA,NA,NA,NA,NA,NA,3,NA,1.0110399723053,1.01226997375488,1.01297998428345,NA,NA,NA,NA,NA,NA,NA,NA,NA,93.9,954.565345260169,NA,NA,0.471371114253998,48.8173076923077,10399,-2.59958228889671,24.632,1039,NA,NA,18.8,10,51746594.3148543,NA,NA,NA,NA,114.432989690722,86.5168539325843
"692","TUV",2021,NA,28.474,NA,NA,NA,NA,NA,NA,NA,NA,3,NA,0.961480021476746,1.00800001621246,1.06449997425079,NA,NA,NA,NA,NA,NA,NA,NA,NA,NA,1089.69729465445,NA,NA,NA,48.8620757308221,10194,3.8514037023984,24.35,1175,NA,NA,18.2,9.6,60196405.7138393,NA,NA,NA,NA,114.583333333333,84.7826086956522
"693","TUV",2022,NA,28.094,51.378,21.254,78.022,84.024,NA,60.181,50.894,NA,3,1,NA,NA,NA,NA,NA,NA,NA,NA,NA,NA,NA,NA,NA,1126.5308137753,NA,NA,NA,48.8590872698158,9992,2.71261925845695,24.084,1187,NA,NA,17.7,9.3,59065982.0873657,NA,NA,NA,NA,122.727272727273,96.6292134831461
"694","UMC",2018,NA,29.0027843139289,NA,NA,NA,NA,2.8614951413176,NA,NA,NA,3.57692307692308,1.00030994415283,0.995369970798492,1.00756001472473,1.02109003067017,1.16936004161835,NA,NA,NA,NA,NA,NA,NA,1.62366381114738,NA,874.344038375674,NA,NA,NA,49.6269427415805,2751833495,4.15565146415722,13.5230054126487,213010880,48.33152,51.66848,12.1,7.7,23555219100370.3,NA,4,NA,100.8456,95.5688323974609,88.8525314331055
"695","UMC",2019,NA,27.6953082020777,NA,NA,NA,NA,2.83533756666606,NA,NA,NA,3.57692307692308,1.00028002262116,0.995369970798492,1.00759994983673,1.02104997634888,1.17746996879578,8.40119822883442,NA,NA,NA,NA,15.28,3.87,2.75189347033739,97.9295386561298,930.867597873773,NA,NA,NA,49.637974748441,2770250954,3.47177429573662,13.0702865126132,215041184,NA,NA,11.8,7.5,23955467100412.2,1.190212131,4,22.79614258,NA,95.3907165527344,90.8334197998047
"696","UMC",2020,NA,25.7598727286398,NA,NA,NA,NA,2.69677662614129,NA,NA,NA,3.5,1.0003399848938,0.992680013179779,1.00617003440857,1.02060997486115,1.17710995674133,NA,NA,NA,NA,NA,NA,NA,-2.03373348677721,NA,983.786670984667,NA,NA,NA,49.6566205625459,2785181241,-0.9323089513246,11.8853471999246,217877808,NA,NA,11.9,7.6,23214223345858.7,NA,3.90000009536743,NA,NA,94.1752471923828,93.7712707519531
"697","UMC",2021,NA,24.8081491358871,NA,NA,NA,NA,2.66843436028409,NA,NA,NA,3.5,1.00059998035431,NA,NA,NA,1.17779004573822,NA,NA,NA,NA,NA,NA,NA,5.73863992592585,NA,1077.29125878978,NA,NA,NA,49.6818133185115,2796326198,7.26912569986311,11.2419930420514,221633744,NA,NA,11.8,7.5,27697767122738.2,NA,3.90000009536743,NA,NA,95.407470703125,94.0656585693359
"698","UMC",2022,NA,23.7860124434438,NA,NA,NA,NA,NA,NA,NA,NA,3.5,1.00068998336792,NA,NA,NA,1.17060995101929,NA,NA,NA,NA,NA,NA,NA,NA,NA,1139.03996070731,NA,NA,NA,49.7030741110696,2803432387,3.1628925344688,10.7057783443725,225595984,NA,NA,11.6,7.4,28905818138526.2,NA,3.90000009536743,NA,NA,95.0469207763672,93.8881530761719
"699","USA",2018,NA,17.164,53.795,29.879,77.593,69.363,4.36578883905744,64.628,57.218,NA,NA,NA,0.998839974403381,0.994700014591217,0.990580022335052,1.26827001571655,NA,18.2,1.8,5.2,33.6,4.51,0.77,2.4035674513206,NA,10182.2559044688,NA,NA,0.730934500694275,49.7521388168989,328529577,2.36444249959189,11.6,24871356,NA,NA,5.6,3.8,2.0656516e+13,NA,0.635680019855499,NA,NA,95.4763412475586,106.05152130127
"700","USA",2019,NA,16.202,54.257,30.099,77.509,69.372,4.43153013979605,64.606,57.359,NA,NA,NA,1.00705003738403,0.994910001754761,0.983030021190643,1.27759003639221,5.3020598009239,18.7,1.8,5.2,NA,4.35,0.74,1.83884113502309,NA,10546.0131995918,NA,NA,NA,49.7180861440727,330226227,2.05676589936279,11.4,25014234,NA,NA,5.5,3.7,2.1539982e+13,NA,0.848990023136139,NA,NA,103.343627929688,103.739189147949
"701","USA",2020,NA,14.719,52.83,28.861,76.15,67.825,4.43153013979605,62.638,55.474,NA,NA,NA,0.995100021362305,0.986829996109009,0.978860020637512,1.29252004623413,NA,17,2.1,5.7,NA,3.98,0.73,-4.30381651287594,NA,11672.7701241646,NA,NA,0.720416069030762,49.7077435692635,331577720,-2.56180738365786,10.9,25183458,NA,NA,5.5,3.6,2.1354105e+13,NA,2.04341006278992,NA,NA,101.677947998047,104.176078796387
"702","USA",2021,NA,13.724,52.989,29.839,75.827,67.602,4.43153013979605,62.757,55.481,NA,NA,NA,NA,NA,NA,1.32444000244141,NA,15.5,2.3,6.1,NA,4.61,0.89,5.33686657523864,NA,11999.0907493833,NA,NA,NA,49.7189315469768,332099760,5.8883410395074,11,25432932,NA,NA,5.5,3.5,2.3681171e+13,4.48806762695312,4.16418981552124,4.71853637695312,NA,100.28727722168,107.54955291748
"703","USA",2022,NA,13.628,54.869,29.505,75.976,68.16,NA,63.075,56.076,NA,NA,NA,NA,NA,NA,1.31957995891571,NA,18.2,1.8,5.2,NA,NA,NA,NA,NA,12434.433860855,NA,NA,NA,49.7348084288347,334017321,1.92386172915427,11,25199710,NA,NA,5.5,3.4,2.6006893e+13,NA,3.78526997566223,NA,NA,94.0673522949219,100.608238220215
"704","UZB",2018,NA,21.987,NA,NA,NA,NA,5.73571485558276,NA,NA,NA,4,1,0.985050022602081,0.988600015640259,0.991079986095428,0.698955920799342,NA,NA,NA,NA,NA,NA,NA,NA,NA,375.052780623114,NA,NA,NA,49.6139124944515,32373490,3.7517684514097,24.007,3949245,NA,NA,15.5,9.3,58695899092.1083,NA,NA,NA,100.35815,96.7305366306999,91.8704516108652
"705","UZB",2019,NA,22.159,NA,NA,NA,NA,5.33715179448677,NA,NA,NA,4,1,0.98769998550415,0.991859972476959,0.994539976119995,0.737179264437493,8.20831596886303,NA,NA,NA,NA,NA,NA,NA,NA,424.34327514689,NA,NA,NA,49.6053460336255,32964701,4.86486140745366,24.722,4738495,NA,NA,14.8,8.9,67293639798.3996,NA,1.66976677868117,NA,NA,96.6348801762453,94.5730052619386
"706","UZB",2020,NA,21.316,18.828,7.863,78.084,65.123,4.93858873339081,74.893,55.733,NA,4.5,NA,0.981760025024414,0.992630004882813,0.999750018119812,0.891130550957904,NA,NA,NA,NA,NA,NA,NA,NA,NA,535.341655430427,NA,NA,0.631185710430145,49.5972741563155,33586372,-0.316556159759102,25.634,3929535,NA,NA,14.2,8.5,66443265418.3086,NA,1.41842990075957,NA,NA,98.8075152277732,92.5389651596527
"707","UZB",2021,NA,31.127,NA,NA,NA,NA,4.93858873339081,NA,NA,NA,4.5,1,0.979889988899231,0.994019985198975,1.00305998325348,0.875850212463041,NA,13.3,2.6,7,NA,NA,NA,NA,NA,675.576264459136,NA,NA,NA,49.5844957857353,34243696,5.960906100364,26.45,3883336,NA,NA,13.7,8.2,77340060003.0347,NA,1.41904248287831,NA,NA,98.5476740371154,96.1554639191468
"708","UZB",2022,NA,34.418,NA,NA,NA,NA,NA,NA,NA,NA,4.5,1,NA,NA,NA,0.883335179295279,NA,13.4,2.5,7.2,NA,NA,NA,NA,NA,716.386660731281,NA,70.4,NA,49.5728779073994,34938955,3.89199511169356,26.524,4022812,NA,NA,13.1,7.9,90095926567.4359,NA,4.19651428847306,NA,NA,98.2551185299948,97.0301346795019
"709","VUT",2019,NA,70.218,63.583,54.557,80.605,79.537,1.63453413857112,63.469,61.351,NA,3.5,1.00821594597876,0.958119988441467,NA,NA,NA,16.8570486119756,12.7,3,7.6,NA,NA,NA,5.22445156649114,NA,116.658320241298,NA,NA,NA,49.3617822833365,291985,0.86298251414631,30.717,NA,NA,NA,14.9,9.9,936526267.622513,NA,NA,NA,NA,103.696621674087,55.865922978277
"710","VUT",2020,NA,69.095,52.815,40.44,80.28,77.306,2.02921986438198,68.526,63.798,NA,3.5,1.00389141495841,0.976840019226074,1.02558994293213,1.14437997341156,NA,NA,NA,NA,NA,NA,NA,NA,-12.8213304981502,NA,129.312622279016,NA,NA,0.468286424875259,49.4199605834189,298858,-7.17743078607894,29.941,23790,NA,NA,14.8,9.5,909421043.508407,NA,NA,NA,NA,103.986707548983,63.0504837387516
"711","VUT",2021,NA,68.166,NA,NA,NA,NA,2.02921986438198,NA,NA,NA,3.5,NA,NA,NA,NA,NA,NA,NA,NA,NA,NA,NA,NA,-5.64699111029489,NA,143.40428741268,NA,NA,NA,49.4610437801804,305868,-3.80855711163811,29.334,26338,NA,NA,14.6,9.2,982362211.918412,NA,NA,NA,NA,105.863665888925,59.8337947767509
"712","VUT",2022,NA,67.185,NA,NA,NA,NA,NA,NA,NA,NA,3.5,NA,NA,NA,NA,NA,NA,NA,NA,NA,NA,NA,NA,NA,NA,137.911719110009,NA,NA,NA,49.4864988324437,313046,2.77435704923444,28.673,35798,NA,NA,14.4,8.9,1030654208.30053,NA,1.72943137916689,NA,NA,114.297679350388,67.978654554133
"713","WLD",2018,NA,42.0380813046308,NA,NA,NA,NA,3.85993203586527,NA,NA,NA,3.23972602739726,0.970589995384216,0.982209980487823,0.987030029296875,0.992439985275269,1.11948001384735,NA,NA,NA,NA,NA,NA,NA,1.47757987484867,NA,1363.76227670672,NA,NA,NA,49.6590387127272,7697492379,2.18571527957843,18.1930800622806,599720768,47.9647,52.0353,29.5,18.6,87188987385051.5,NA,NA,NA,103.5473,87.3575134277344,75.7201690673828
"714","WLD",2019,NA,41.1760598230426,NA,NA,NA,NA,3.86094172129207,NA,NA,NA,3.25333333333333,0.970250010490417,0.983560025691986,0.988049983978271,0.992910027503967,1.12881004810333,18.4088503755545,NA,NA,NA,NA,13.46,3.77,1.2330600473192,87.6315979655988,1430.2746701269,NA,NA,NA,49.6644661997728,7778303912,1.64294945599994,17.8031443074795,606481408,NA,NA,28.9,18.3,88492389499432,9.192892075,NA,49.23188019,NA,87.5250930786133,76.1433029174805
"715","WLD",2020,NA,40.2191755970534,NA,NA,NA,NA,3.82731906738138,NA,NA,NA,3.26027397260274,0.971589982509613,0.982529997825623,0.985639989376068,0.988680005073547,1.13041996955872,NA,NA,NA,NA,NA,NA,NA,-5.09422007427392,NA,1545.31462752416,NA,NA,NA,49.6726759319373,7855075060,-3.79858154569934,17.1491582639446,618529536,NA,NA,28.5,18.2,86116567565730.4,NA,NA,NA,NA,87.6437072753906,77.521858215332
"716","WLD",2021,NA,39.7317059523104,NA,NA,NA,NA,3.82129196208886,NA,NA,NA,3.27083333333333,0.973079979419708,NA,NA,NA,1.12980997562408,NA,NA,NA,NA,NA,NA,NA,4.45199709571777,NA,1644.43887483522,NA,NA,NA,49.6879141492495,7920861888,5.53567230494956,16.8437566819204,632295616,NA,NA,28.1,17.9,98365745535038.5,NA,NA,NA,NA,88.1942825317383,78.0908966064453
"717","WLD",2022,NA,39.2846526953165,NA,NA,NA,NA,NA,NA,NA,NA,3.27027027027027,0.974740028381348,NA,NA,NA,1.12337005138397,NA,NA,NA,NA,NA,NA,NA,NA,NA,1724.76457249082,NA,NA,NA,49.6968409791225,7990399768,2.46040330769289,16.5567442314174,642039872,NA,NA,28,17.7,102434886179161,NA,NA,NA,NA,90.4332733154297,77.9110107421875
"718","WSM",2018,NA,47.923,NA,NA,NA,NA,4.24,NA,NA,NA,4,NA,0.99838000535965,NA,NA,1.48549044846212,NA,NA,NA,NA,NA,NA,NA,-1.22473035446617,NA,303.257728859857,NA,NA,0.544876158237457,49.4402212137854,207582,-1.6472076564482,28.488,NA,NA,NA,14.3,7.1,878448433.404342,NA,0.46478406842421,NA,115.98394,105.314442359191,101.833628705084
"719","WSM",2019,NA,47.107,NA,NA,NA,NA,4.24,NA,NA,NA,4,1.00999999046326,1.01030004024506,NA,NA,1.41877015885794,10.3658660641934,NA,NA,NA,NA,NA,NA,3.75231152624622,NA,377.375626177807,NA,NA,NA,49.5509581466298,209780,3.35744960284687,27.957,NA,NA,NA,14.9,7,912950466.064906,NA,2.4782518103377,NA,NA,103.420527504726,101.134880483706
"720","WSM",2020,NA,45.462,NA,NA,NA,NA,4.24,NA,NA,NA,4,NA,0.987460017204285,NA,NA,1.24101808703337,NA,NA,NA,NA,NA,NA,NA,-5.72231191694821,94.1,401.629997895098,NA,NA,0.581076741218567,49.660050107812,211944,-4.09773045959912,27.453,NA,NA,NA,13.8,6.7,868898358.266437,NA,2.35758996009827,NA,NA,97.7428477307663,104.664857694447
"721","WSM",2021,NA,44.02,NA,NA,NA,NA,4.24,NA,NA,NA,4,NA,1.00449001789093,NA,NA,1.50416480844286,NA,NA,NA,NA,NA,NA,NA,-5.0705803380108,NA,425.666651556194,NA,NA,NA,49.7046014809687,213779,-7.87643194778342,26.891,NA,NA,NA,13.4,6.6,843923638.733018,NA,NA,NA,NA,99.0328805501723,100.081731641818
"722","WSM",2022,NA,43.866,62.135,27.724,77.854,62.073,NA,63.963,46.417,NA,4,NA,NA,NA,NA,1.52606380247645,NA,NA,NA,NA,NA,NA,NA,NA,NA,396.379804285498,NA,NA,NA,49.6801557179424,215261,-5.95822542049191,26.101,NA,NA,NA,13.1,6.4,832945205.637185,NA,0.560241820781416,NA,NA,102.703713492324,97.9242972401376
"723","ZAF",2018,NA,51.417,54.32,40.849,86.964,80.217,5.51892776178023,74.992,67.571,NA,NA,NA,0.961589992046356,1.00301003456116,1.07071995735168,1.31319524615026,NA,NA,NA,NA,NA,NA,NA,-0.979636158022487,NA,1133.10444269951,NA,NA,0.443053871393204,51.5446163820313,58613001,-0.1374850396532,19.85,4878960,NA,NA,26.3,11.5,405260723892.517,NA,8.2509621872438,NA,NA,94.7307804806708,86.8909382170845
"724","ZAF",2019,NA,53.273,54.428,40.703,85.515,79.047,5.81494741120427,74.853,67.456,NA,NA,1.00999999046326,0.965240001678467,1.00258004665375,1.06217002868652,1.32530929419799,35.6803578327848,NA,NA,NA,NA,NA,NA,-0.420354614733668,NA,1160.67156337985,NA,NA,NA,51.5132454942268,59587885,-1.3803610544763,19.694,5036694,NA,NA,25.6,11.5,389330032224.269,NA,7.30402940333023,NA,NA,94.4983503620634,87.2268772632584
"725","ZAF",2020,NA,51.614,49.702,35.503,81.463,76.278,6.04748861011632,67.801,60.946,NA,NA,NA,0.959590017795563,1.00926995277405,1.08913004398346,1.35897159208491,NA,NA,NA,NA,NA,NA,NA,-6.11562654457376,NA,1189.06178550679,NA,NA,0.445561945438385,51.4860892190829,60562381,-7.67873309598839,19.522,5100811.3,NA,NA,25,11.5,337974655408.055,NA,7.25289786635722,NA,NA,93.8521997183035,91.6238660889603
"726","ZAF",2021,NA,52.546,51.011,36.616,84.14,76.718,6.49636971995593,70.2,63.446,NA,NA,1.01999998092651,NA,NA,NA,1.37709473612478,NA,NA,NA,NA,NA,NA,NA,5.20238575878456,NA,1232.85476406915,NA,NA,NA,51.4599845473207,61502603,3.35053090110557,19.354,5353649,NA,NA,24.7,11.5,420886877628.703,5.33453369140625,0.316068111627952,75.7915115356445,NA,95.6114527393639,95.1751743971397
"727","ZAF",2022,NA,51.707,51.378,37.716,84.267,77.019,NA,72.404,65.423,NA,NA,NA,NA,NA,NA,1.39791639111057,NA,NA,NA,NA,NA,NA,NA,NA,NA,1340.7422872409,NA,NA,NA,51.4161342041261,62378410,0.480619707090057,19.079,5380515,NA,NA,24.5,11.6,406920004594.074,NA,5.62627819158075,NA,NA,94.8393698925685,90.2709491587246
"728","ZWE",2018,NA,98.612,NA,NA,NA,NA,1.91,NA,NA,NA,4,NA,0.996640026569366,NA,NA,NA,NA,NA,NA,NA,NA,NA,NA,199.313930229264,NA,114.424872322475,NA,NA,NA,52.6057151933439,15034452,3.45954546866949,31.327,NA,NA,NA,47.4,24.9,34156057417.3285,NA,17.5818004608154,NA,NA,89.0304706212031,54.2176731955024
"729","ZWE",2019,NA,98.733,66.457,59.513,74.76,65.425,1.91,75.885,68.634,NA,4,1.03999996185303,0.999170005321503,NA,NA,NA,47.6473006196949,16.6,1.9,4.8,1.43,NA,NA,-22.804361424802,93.3,74.508097464834,NA,NA,NA,52.5684797851771,15271368,-7.78558357215347,31.121,NA,NA,NA,46,24.4,25715657177.4682,NA,17.1109600067139,NA,NA,87.756000764023,61.6215309801291
"730","ZWE",2020,NA,98.893,NA,NA,NA,NA,1.91,NA,NA,NA,4,NA,1.00511002540588,NA,NA,NA,NA,NA,NA,NA,NA,NA,NA,-16.2940882228324,NA,62.5765613748724,NA,NA,NA,52.5301687929887,15526888,-9.33395397985731,30.988,NA,NA,NA,44.9,24,26868564055.12,NA,15.9550304412842,NA,NA,89.3393494163746,62.3340559229482
"731","ZWE",2021,NA,99.199,64.852,56.73,72.762,64.477,1.91,76.776,69.817,NA,4,NA,1.00537383556366,NA,NA,NA,NA,NA,NA,NA,NA,NA,NA,36.6002498713143,NA,65.7626875915859,NA,NA,NA,52.4885596887045,15797210,6.61193310477104,30.932,NA,NA,NA,43.6,23.4,27240507841.6729,NA,8.35771514794064,NA,NA,84.464981705377,71.0520796924152
"732","ZWE",2022,NA,99.484,63.495,57.001,74.203,65.13,NA,76.697,68.731,NA,4,NA,NA,NA,NA,NA,NA,NA,NA,NA,NA,NA,NA,NA,NA,95.9916410145547,NA,NA,NA,52.4382950684844,16069056,4.3435815554552,30.882,NA,NA,NA,42.2,22.9,32789657377.9788,NA,7.17793007610604,NA,NA,84.8680459683461,72.2974666360352
